UNITID,applicants_2019,perc_freshman_fin_aid_2019,perc_freshman_fed_grant_2019,perc_freshman_pell_grants_2019,X_webal
100654,9579,90,71,71,0.00033068
100663,8298,95,38,38,0.00011084
100706,5295,93,24,24,0.00027528
100724,6674,95,77,77,0.00031775
100751,38505,78,17,17,0.00207607
100830,4109,93,56,56,8.38E-05
100858,20205,71,13,13,0.00055972
100937,3384,97,27,27,2.98E-07
101189,1209,99,55,55,0.00010594
101435,2336,100,48,48,6.04E-07
101480,10187,93,47,47,9.80E-05
101541,478,100,66,66,9.45E-08
101587,7569,97,75,62,9.94E-05
101648,1064,97,38,35,9.13E-08
101693,2696,96,44,44,9.81E-05
101709,5553,95,40,40,1.12E-06
101879,2691,96,41,40,1.82E-07
101912,1775,100,55,55,1.55E-06
102049,3912,100,12,12,0.00061269
102094,6350,93,45,43,8.43E-05
102234,7616,100,45,45,6.76E-06
102368,6146,90,45,45,6.17E-05
102377,10750,93,93,86,0.00201842
102614,1383,86,31,31,6.80E-05
104151,34188,96,28,28,0.00058527
104179,40854,91,25,25,0.00168309
105899,421,100,64,61,4.04E-07
106245,2019,93,60,60,7.51E-05
106342,2394,100,45,44,1.53E-06
106397,17913,72,19,19,0.00016014
106412,5136,98,74,74,0.00010304
106458,4689,97,41,41,3.28E-05
106546,6,100,100,100,1.38E-08
106704,5397,98,45,45,3.77E-05
106713,530,100,54,54,5.37E-08
107044,1834,99,24,23,8.66E-05
107071,3879,98,50,50,4.49E-08
107080,1628,100,30,30,5.79E-05
107141,1176,99,30,29,1.33E-06
107512,2538,99,33,32,9.96E-07
107558,1855,95,48,48,3.97E-07
107877,1036,100,48,48,6.33E-08
107983,3870,98,55,55,7.43E-08
109785,8192,98,65,35,0.00263744
110097,4216,99,28,28,0.00215366
110361,8241,98,43,43,0.00058019
110404,8367,56,15,12,0.01965164
110413,6175,98,30,30,0.00387819
110422,54072,58,14,14,7.27E-06
110510,16311,92,68,68,5.74E-05
110529,39726,77,45,45,0.00041867
110538,25908,74,44,43,4.87E-07
110556,18123,87,62,62,6.13E-05
110565,50105,76,47,47,0.00037765
110583,71355,80,51,51,0.0013711
110592,33641,94,77,77,0.00013549
110608,30661,86,62,62,0.00015935
110617,27576,84,57,57,8.54E-05
110635,87847,58,23,23,0.25256496
110644,78093,62,32,32,0.09419378
110653,95565,61,34,34,0.23015142
110662,111321,56,26,26,1
110671,49515,85,51,51,0.01418797
110680,99114,59,35,34,0.25983966
110705,93446,61,33,33,0.27415361
110714,55796,68,28,28,0.03410987
111948,14273,87,17,17,0.04880199
112084,333,100,46,30,2.72E-07
112260,6066,48,19,19,0.00050772
113698,2033,100,32,31,1.17E-05
114813,964,100,52,52,1.46E-06
115409,4045,72,14,14,0.00076596
115728,2441,100,59,59,4.86E-06
115755,15178,82,54,53,2.64E-07
117104,139,94,54,54,5.67E-08
117140,6864,98,49,49,0.00505927
117627,5399,100,53,53,0.00034824
117946,18592,91,13,13,0.03934857
118888,1064,100,49,48,0.00061851
119173,2165,100,53,53,0.001006
120184,1810,100,56,56,0.00032764
120254,7501,74,20,20,0.00030393
120403,2442,90,31,30,1.08E-05
120537,685,99,51,51,1.50E-06
120865,1658,100,37,37,1.17E-06
120883,13096,97,35,35,0.01758068
121150,12764,92,20,18,0.09878813
121309,3277,91,19,19,0.00149852
121345,10401,54,20,20,0.00051101
121691,4621,98,30,30,0.01485249
122409,70048,57,25,25,0.0023452
122436,13755,81,16,16,1
122597,34629,76,48,48,0.00014168
122612,21867,91,27,27,0.02423977
122728,775,90,43,43,1.88E-06
122755,35307,72,41,41,0.00022725
122931,16300,66,12,12,0.06045136
123165,3022,58,11,11,0.00032018
123457,648,100,38,38,1.19E-06
123554,6069,99,25,25,0.00835007
123572,15094,71,35,35,2.41E-07
123651,3976,100,46,46,2.02E-06
123961,66198,67,18,18,1
125727,3074,99,17,17,3.01E-05
125763,7233,98,38,38,0.00806279
125897,1907,97,58,58,3.98E-06
126182,1765,97,58,58,2.04E-05
126562,9565,80,41,41,8.62E-05
126580,6728,78,31,30,8.81E-05
126614,40677,63,14,14,0.003198
126775,11756,86,12,12,0.00556393
126818,28319,77,21,21,0.00031189
127060,21028,90,16,16,0.04782962
127185,3757,93,42,42,1.68E-07
127556,8845,89,37,37,5.49E-05
127565,13583,70,39,39,2.75E-07
127741,9275,92,36,36,6.88E-05
127918,6910,99,32,32,0.0017191
128106,2885,91,45,45,4.47E-07
128391,2504,95,28,28,1.53E-07
128498,1294,99,62,62,1.56E-06
128744,6830,99,58,57,0.00082627
128771,7807,88,39,39,4.03E-05
128902,6784,94,16,16,0.00029911
129020,35096,73,20,20,0.00402465
129525,13233,98,39,39,0.00446524
129941,10997,99,33,29,0.00235849
130493,9156,87,47,47,5.20E-05
130590,6080,53,12,11,0.00033579
130794,36844,29,20,4,1
130934,9084,98,70,58,0.00020092
130943,26866,87,16,16,0.00144807
131098,2230,100,62,61,8.14E-07
131159,18545,70,15,15,0.04292011
131450,477,95,59,59,1.07E-05
131469,26978,77,16,15,0.0679383
131496,22764,47,15,14,1
131520,21006,99,46,45,0.00786866
132408,78,96,63,59,1.89E-08
132471,10670,100,72,69,0.00056128
132657,7387,99,25,25,0.00102545
132879,371,100,63,63,5.50E-08
132903,45118,91,31,30,0.00055711
133492,4644,99,22,22,2.00E-05
133526,3444,100,87,87,1.64E-07
133650,10269,93,68,68,0.00034568
133669,18854,80,37,37,8.79E-05
133809,369,97,33,33,1.14E-07
133872,283,91,56,56,9.45E-06
133881,9743,93,25,25,0.00879525
133951,18492,89,48,47,0.00011763
134079,8034,100,30,30,0.0019226
134097,58936,97,28,28,0.00062862
134130,38069,91,24,24,0.00140683
134945,5139,98,39,39,0.00222625
135726,38920,73,13,13,0.0616431
136172,16305,83,31,31,8.39E-05
136215,11058,100,40,39,0.00122214
136330,1534,100,33,33,0.00041024
137351,36986,92,32,31,0.00018696
137476,5098,97,55,55,0.00028061
137564,4981,99,48,48,0.00015831
137847,24448,97,20,20,3.23E-06
137953,124,98,65,65,2.69E-08
137962,118,97,75,75,5.93E-08
138293,1690,99,54,54,4.98E-07
138354,7194,90,32,32,6.43E-05
138558,2009,91,48,48,2.14E-08
138716,6497,96,81,81,2.63E-07
138761,773,98,61,61,1.58E-07
138868,1419,100,66,66,2.51E-07
138947,16483,96,66,66,0.00109237
139144,4328,100,27,27,6.88E-06
139199,2566,97,57,57,0.0002985
139205,452,100,63,63,6.91E-08
139250,1785,88,51,51,4.44E-08
139366,2881,92,51,51,4.68E-05
139393,561,99,26,26,4.24E-06
139630,767,93,39,39,1.08E-07
139658,30017,59,20,20,0.06158157
139719,3059,97,81,81,1.41E-06
139755,36856,69,10,10,0.00337012
139764,1783,95,52,52,7.88E-08
139861,4391,96,15,15,0.00020674
139931,13858,91,37,37,7.08E-05
139940,16681,93,53,53,0.00026348
139959,29285,96,17,17,0.00092954
139968,2007,94,61,61,4.07E-08
140234,1686,100,45,44,9.47E-07
140252,364,95,46,46,1.05E-05
140447,5034,100,29,29,0.00075183
140553,2030,92,49,49,1.46E-05
140696,2327,99,40,40,1.43E-05
140720,3160,100,93,93,4.19E-07
140818,1910,100,44,44,0.0001275
140872,1166,100,38,38,2.83E-07
140951,11267,98,21,21,1.19E-05
140960,8207,97,78,78,2.51E-06
140988,1643,100,49,49,4.14E-07
141060,9106,95,46,46,2.29E-05
141185,1176,81,39,39,2.24E-07
141237,611,100,46,46,1.65E-07
141264,7563,92,57,57,6.14E-05
141325,737,100,57,57,3.50E-07
141334,7272,94,53,53,5.21E-05
141361,1488,99,34,34,4.97E-07
141565,4161,83,45,45,3.59E-05
141574,16235,75,27,27,0.00019722
141981,693,69,34,34,8.10E-08
142115,15030,80,25,25,0.00010297
142285,8071,96,35,35,0.00012381
142328,1683,92,47,45,7.06E-08
142461,1666,100,37,36,0.00028927
143048,6410,91,18,18,6.30E-05
143118,2902,100,49,49,9.85E-05
143288,630,100,69,69,1.51E-07
143358,10708,100,32,32,0.00120286
144005,3126,98,88,88,7.61E-05
144050,34641,52,11,11,0.18677412
144351,4498,100,55,55,0.00052225
144892,8859,94,57,57,4.79E-08
144962,4175,100,45,45,4.70E-06
144971,815,100,46,46,4.37E-07
145336,1434,93,78,78,2.06E-05
145372,1684,100,56,56,6.73E-07
145600,22696,76,55,55,0.00015401
145619,4850,100,43,43,0.00043201
145637,43509,61,25,25,0.00409318
145646,3719,100,30,30,4.64E-05
145725,5049,100,31,31,0.01573318
145813,16151,89,35,35,7.65E-05
146339,1713,100,35,35,0.00025325
146612,6674,100,35,35,0.00057712
146719,25583,99,24,23,0.01759832
146825,1201,100,66,66,3.59E-07
147013,1997,100,36,36,0.00061099
147244,3531,100,40,40,0.00103706
147341,2322,100,35,35,6.72E-06
147679,4435,100,52,52,0.00030074
147703,15693,96,53,52,2.10E-05
147767,40585,60,21,21,0.22376186
147776,4711,84,70,70,1.51E-07
147828,5019,100,39,38,0.00086056
148131,1242,100,52,43,9.08E-07
148405,2297,100,53,53,9.79E-07
148487,4966,98,50,49,0.00049583
148496,5188,100,55,55,0.00055243
148584,2273,100,38,37,0.00052522
148627,8083,100,59,59,3.21E-06
148654,2117,96,41,41,4.71E-05
149222,5377,93,42,41,0.0001583
149231,7306,91,36,35,1.50E-05
149505,973,100,38,38,1.10E-06
149514,493,99,47,45,0.00048596
149639,27,100,67,62,6.21E-07
149772,7302,88,53,53,1.09E-05
149781,1889,88,24,24,0.00230188
150048,904,96,62,62,6.78E-08
150066,3951,100,41,40,0.0002285
150145,1363,100,49,48,8.55E-07
150163,14891,95,14,14,0.00592114
150400,4935,99,43,22,6.48E-05
150455,2070,100,25,25,6.24E-05
150534,4234,100,29,28,0.00121288
150604,1865,100,43,43,1.08E-06
150668,1313,100,38,36,0.00070729
150756,3127,100,35,35,5.41E-06
150774,532,71,21,20,5.06E-06
150941,1137,95,43,36,0.00010495
151102,6376,94,43,43,1.92E-07
151111,15050,86,42,42,0.00046681
151263,7637,100,45,45,0.00035282
151290,3248,99,52,51,0.00023222
151306,4614,92,37,37,3.69E-05
151333,2333,85,44,44,9.87E-08
151342,2959,91,52,52,1.22E-07
151351,42902,82,20,20,0.00479734
151360,2486,82,47,46,1.73E-07
151379,2831,78,48,48,1.02E-07
151388,2316,90,57,57,1.27E-07
151786,2525,100,41,39,0.0006523
151801,4363,100,32,31,6.82E-07
152080,22200,59,10,10,0.07448432
152099,1010,99,55,55,4.03E-05
152318,4350,99,14,14,9.47E-05
152336,1587,99,41,41,0.00015099
152381,714,100,62,60,4.66E-07
152390,2033,100,28,28,0.00247959
152530,2341,99,20,20,3.71E-06
152567,4063,96,34,34,0.00053776
152600,5491,99,32,32,0.00309326
152673,1307,100,35,35,1.54E-05
153001,2101,100,49,49,1.40E-06
153108,2688,100,39,34,4.26E-06
153126,1074,72,57,27,0.00020755
153162,3118,100,29,29,2.32E-05
153250,1426,100,27,27,1.71E-06
153269,6944,100,21,21,0.00476187
153278,2054,92,53,53,0.00032295
153302,113,100,43,43,1.13E-07
153366,2514,100,55,53,0.00017118
153375,1526,100,41,41,4.36E-07
153384,8004,88,22,22,0.00037588
153603,18246,88,20,20,0.00010283
153621,3658,79,53,53,1.24E-06
153658,25928,80,20,20,0.00050516
153825,1491,100,32,31,1.37E-06
153834,4108,100,20,20,1.66E-05
154004,3739,100,43,39,1.08E-06
154013,1176,100,38,38,0.00032012
154095,4701,80,26,21,4.51E-05
154101,1332,100,29,29,1.35E-06
154235,4877,100,29,29,0.00034929
154350,1607,100,51,50,3.38E-06
154493,1443,99,42,42,1.09E-06
154518,1447,93,50,49,2.29E-07
154527,4018,98,29,28,7.13E-06
154688,840,100,35,35,0.00018687
154712,2238,100,23,22,1.44E-06
154721,1163,98,57,57,5.87E-07
154749,943,100,40,40,7.35E-07
155025,1670,96,38,38,4.34E-05
155089,1266,100,45,45,6.62E-07
155317,15093,85,21,21,0.00021336
155335,1076,96,34,34,9.34E-07
155414,1242,100,47,47,1.21E-06
155496,120,99,36,36,9.84E-08
155511,1906,100,39,39,6.78E-07
155627,1974,100,48,48,4.96E-07
155681,1822,91,39,38,5.23E-05
155812,699,100,44,43,0.00015967
155900,925,100,51,51,0.00022862
155937,1596,100,55,50,4.13E-07
155973,812,100,39,39,6.08E-07
156125,6238,89,37,36,4.16E-05
156189,4326,98,59,59,2.10E-08
156286,4811,100,31,31,0.00258416
156295,1966,100,88,88,1.13E-05
156356,2679,100,46,46,3.78E-07
156408,2211,100,21,21,3.03E-05
156541,2510,99,47,47,0.00013194
156620,8975,98,45,45,5.81E-05
156745,2791,100,45,44,6.18E-06
157058,2186,92,71,71,6.20E-05
157076,1693,100,69,50,7.49E-07
157085,18759,93,25,25,0.00035438
157100,1083,98,52,52,1.03E-07
157289,14760,98,35,35,0.00026645
157377,1162,100,64,46,4.05E-07
157386,8032,100,55,54,1.99E-05
157401,8327,99,40,40,0.00015585
157447,6080,99,36,35,6.39E-05
157757,851,99,51,51,8.33E-05
157809,2410,100,45,45,9.04E-07
157818,1782,100,29,29,8.73E-06
157863,1357,100,66,66,4.12E-07
157951,8245,97,39,39,0.00031128
158477,920,99,37,37,5.75E-06
159009,3109,99,85,84,3.49E-05
159382,2683,96,54,54,1.51E-08
159391,24501,95,29,29,2.13E-05
159416,819,94,49,49,1.08E-05
159568,1018,96,56,54,1.26E-07
159647,7552,98,31,31,7.90E-05
159656,5857,99,38,38,0.00352985
159717,2352,98,42,42,1.08E-07
159939,5882,95,53,53,2.02E-05
159966,2815,96,41,41,2.69E-08
159993,3953,98,45,45,7.43E-05
160038,4035,97,54,53,5.45E-05
160074,217,94,41,41,1.13E-05
160612,4384,96,46,46,6.01E-05
160621,10563,98,80,80,7.89E-05
160630,1016,93,90,90,2.24E-07
160658,9138,96,38,38,0.00019008
160755,42185,78,7,7,0.08428838
160904,9291,98,59,59,0.00170629
161086,13584,44,15,14,0.00038846
161235,742,93,57,57,2.05E-08
161253,13118,99,32,31,0.0004062
161299,1441,95,36,36,4.12E-07
161457,5175,100,26,26,0.00089914
161518,1301,98,33,33,2.11E-06
161554,4996,97,45,45,4.99E-05
161873,255,97,47,47,0.00010625
162210,2532,100,55,55,5.90E-07
162283,9789,91,71,70,7.34E-05
162584,3072,91,39,39,8.87E-05
162928,31139,63,16,16,0.13260439
163268,11842,90,25,25,0.00046998
163286,33012,62,13,13,0.00479092
163295,4024,95,21,21,5.46E-05
163338,3929,88,56,56,9.72E-05
163453,8155,92,59,58,0.00018029
163462,4716,100,27,27,9.87E-06
163578,1155,99,80,57,0.00169062
163912,1621,95,17,17,1.26E-06
163976,909,98,18,18,0.00021204
164076,12678,80,30,30,0.00014474
164173,4413,97,30,30,3.66E-06
164465,10569,64,30,30,0.00077827
164580,6362,50,12,12,0.00024495
164614,22,100,75,75,2.75E-08
164720,2923,100,40,40,3.56E-06
164739,9017,81,14,14,0.02961674
164924,35552,51,14,13,0.14662223
164988,62224,53,18,17,0.44723369
165015,11343,67,18,18,0.03799753
165024,9800,91,40,40,3.72E-08
165529,6136,100,37,37,3.08E-06
165574,6238,95,41,40,5.14E-06
165644,1110,100,54,54,8.92E-07
165662,15353,80,17,17,6.67E-05
165671,5832,100,32,29,1.01E-05
165820,2902,88,45,45,2.82E-08
165866,5945,92,39,39,2.26E-08
166027,43330,58,18,18,0.07531185
166391,2489,97,37,35,2.75E-06
166452,3049,99,32,32,0.00041844
166513,12660,89,33,33,0.0014461
166629,42157,85,20,20,0.00430608
166656,4744,100,32,32,0.00091479
166683,21312,61,19,19,0.06385777
166692,773,91,18,18,1.38E-07
167288,1754,99,47,47,4.53E-08
167358,62263,77,11,11,0.34762575
167394,875,100,40,40,0.00039871
167729,5825,90,51,51,4.29E-08
167783,2933,100,29,29,0.00294222
167899,3616,99,25,25,0.00119457
167987,8623,97,47,47,0.00053498
168005,8194,95,29,29,0.00207202
168148,22766,40,11,11,0.08937865
168218,6395,60,23,23,0.00041087
168227,7311,100,27,27,4.57E-06
168263,4455,85,33,33,2.59E-08
168342,9715,53,20,20,0.00079051
168528,5219,100,39,38,4.93E-06
168546,4043,100,46,46,2.52E-05
168591,3036,100,35,34,6.91E-06
168740,1438,99,25,25,0.00043755
168786,1883,100,29,29,1.79E-06
169080,3416,100,19,19,6.42E-06
169248,16411,96,37,37,0.00030421
169327,210,100,41,41,6.80E-08
169363,2334,100,36,33,6.32E-07
169716,4358,100,38,36,0.00036016
169798,14323,96,46,46,2.28E-05
169910,9175,94,45,45,2.28E-05
169983,2262,100,24,24,1.51E-05
170037,2519,99,37,37,0.00012892
170082,16511,85,27,27,9.36E-05
170301,3748,96,21,20,3.93E-06
170639,1702,95,40,40,4.41E-08
170675,2398,98,29,29,0.0007678
170806,1260,97,32,32,7.46E-05
170967,432,99,43,43,2.14E-07
170976,64972,59,17,17,0.32388616
171100,44322,65,23,23,0.00588116
171128,5978,96,23,21,0.00145994
171137,6470,96,40,40,0.00040069
171146,4254,96,52,52,9.78E-05
171456,7677,92,38,38,3.47E-05
171492,1099,98,28,28,4.54E-07
171571,12443,93,35,35,0.00035732
171881,100,100,75,46,1.85E-07
172051,7149,98,36,36,0.00015897
172334,1459,100,32,31,1.04E-06
172440,1696,100,51,51,1.64E-07
172644,15716,98,48,48,0.00030566
172699,17698,79,30,30,5.80E-05
173045,2643,100,56,55,0.00113847
173124,3413,88,31,30,2.24E-08
173142,636,99,33,33,5.10E-07
173160,2435,100,24,23,0.0012816
173258,7324,76,13,13,0.00049605
173300,3395,100,27,27,7.25E-06
173452,266,88,34,34,8.85E-08
173665,4602,100,40,40,0.00246256
173902,6598,81,19,19,0.00036416
173920,10349,85,27,27,2.97E-05
174066,40673,77,18,17,0.00185408
174127,747,99,39,39,4.74E-06
174233,8704,88,25,24,4.46E-05
174251,3265,98,44,35,1.16E-07
174358,3963,91,29,29,2.14E-05
174437,653,99,38,38,2.82E-07
174491,1243,100,30,30,1.61E-06
174525,26,100,86,86,6.54E-08
174747,2052,100,24,24,1.34E-05
174783,5171,94,41,41,2.28E-05
174792,1746,100,23,23,1.82E-05
174817,1498,100,32,32,0.00079516
174844,5694,98,20,20,9.23E-05
174862,825,97,41,41,4.12E-07
174899,1956,99,32,32,0.00079541
174914,7232,98,21,21,0.00452191
175005,2458,100,48,47,0.00032335
175078,2264,97,42,42,1.30E-08
175272,7663,88,29,29,1.41E-05
175342,5236,88,70,70,2.88E-07
175430,233,98,43,43,4.09E-08
175616,1072,92,46,46,8.15E-06
175856,8396,98,77,77,0.00010304
175980,5223,100,30,30,1.08E-05
176017,16253,85,22,22,0.00019828
176035,535,96,62,62,1.01E-05
176044,2837,97,85,84,1.38E-07
176053,2162,100,31,30,7.86E-05
176080,18340,95,32,32,0.00022653
176372,9217,93,53,50,1.11E-05
176406,2020,100,78,78,6.83E-07
176479,774,99,44,41,4.48E-05
176628,1712,100,46,46,2.56E-07
176947,1240,100,47,47,3.19E-07
176965,5699,92,38,37,7.30E-08
177117,572,100,52,52,1.67E-07
177144,3277,100,49,49,5.29E-07
177214,1664,100,33,33,1.25E-06
177418,789,98,65,65,0.00011912
177968,3899,100,30,30,4.46E-05
178059,2902,99,28,28,0.00017506
178244,865,99,40,40,9.79E-05
178341,2295,95,54,54,6.05E-08
178369,2408,100,49,49,1.34E-07
178396,20015,87,27,26,0.00024852
178402,5754,90,38,38,0.00022971
178411,5062,95,25,25,0.00051962
178420,2452,96,48,48,0.00036867
178615,4595,99,23,22,2.35E-07
178624,9013,98,41,41,4.00E-08
178697,2720,100,57,57,1.57E-07
179043,3278,100,25,25,0.00131211
179159,15573,97,19,19,0.01199965
179265,276,98,39,39,0.00026195
179326,2090,98,48,48,7.59E-05
179548,992,100,58,58,1.81E-06
179566,7581,87,31,31,3.13E-05
179867,25426,44,15,14,0.11754885
179894,2173,96,37,37,0.00036225
179946,788,100,47,46,4.99E-07
179955,1168,100,25,25,3.63E-06
179964,914,99,30,30,6.04E-05
180461,19142,84,20,20,0.00010675
180692,793,85,37,37,4.46E-08
180832,82,72,33,33,5.57E-06
180984,1681,100,28,28,1.86E-06
181002,9381,99,12,12,0.00306081
181127,1893,100,35,35,8.18E-07
181215,5324,90,41,41,7.82E-08
181297,78,100,33,33,1.24E-05
181330,1747,100,38,38,1.56E-06
181376,156,100,55,55,6.40E-08
181394,8565,78,41,41,7.02E-05
181446,2405,100,36,35,2.69E-06
181464,16829,90,25,25,0.00012378
181738,671,100,45,45,2.62E-07
181853,523,100,47,47,1.15E-07
182281,12720,91,41,41,4.86E-05
182290,9064,87,27,27,4.48E-05
182458,830,99,44,44,8.98E-07
182670,23650,52,15,15,0.08551185
183044,18040,90,21,21,0.00037088
183239,3740,99,12,12,1.04E-05
183822,4034,100,79,78,2.26E-06
183910,3527,99,57,57,0.00045908
183974,1362,100,46,46,0.00025809
184612,2545,100,63,63,0.00042551
184773,1934,100,45,45,1.30E-06
184782,14694,85,33,33,0.00011921
185262,9540,92,60,60,4.83E-05
185572,8984,100,33,33,0.00115608
185828,8201,91,36,35,0.00039451
186131,32804,63,21,21,0.0793993
186201,7331,88,30,30,3.98E-07
186283,9388,100,36,36,0.00332088
186371,10451,99,52,52,0.00026144
186380,41286,69,28,28,0.00147019
186399,13732,86,61,61,0.00048104
186432,4323,100,67,67,0.00136128
186584,19757,100,28,27,0.00653139
186867,10475,99,18,18,0.04120366
186876,6914,89,43,42,3.19E-05
187134,13824,76,19,19,1.91E-06
187648,2714,97,51,51,1.61E-08
187912,673,97,32,32,4.46E-08
187967,1143,98,34,34,0.00011095
187985,9328,93,40,39,4.72E-05
188030,11903,99,53,53,8.34E-05
188429,13919,94,31,31,0.00227874
188526,2216,100,30,30,0.00071803
188641,4485,100,51,51,0.00038838
189097,9320,48,18,18,0.00033409
189705,3422,97,33,32,1.10E-06
190044,6673,100,25,25,0.01567496
190099,9951,46,13,13,0.00068427
190150,42823,54,18,18,0.14399034
190248,1069,85,50,50,1.12E-06
190372,2388,100,22,21,7.03E-05
190415,49114,61,16,16,0.38664079
190716,1439,100,40,40,7.65E-05
191241,47930,90,19,19,0.31819573
191515,8339,64,19,19,0.00043875
191533,4449,100,44,44,1.93E-05
191630,3426,98,21,21,0.00017592
191649,24425,97,23,23,0.02994258
191931,9965,100,40,40,9.28E-06
192271,1409,90,40,40,6.55E-07
192323,7323,100,36,35,4.28E-06
192448,13328,95,37,37,0.00250675
192703,8807,99,30,29,1.18E-05
192864,5570,98,32,32,3.34E-06
193292,4624,96,28,26,0.00035928
193353,3249,100,31,29,1.19E-06
193399,2746,100,60,60,6.50E-06
193654,9208,91,17,17,0.02562095
193900,79462,50,20,20,0.46746765
193973,3660,99,35,34,0.00041163
194091,11848,99,47,47,0.00213937
194161,223,100,57,57,0.00019122
194310,22411,97,30,30,0.0123016
194578,8432,80,17,17,0.00011784
194824,18635,84,17,17,0.05087211
194958,1888,99,36,36,0.00041296
195003,19744,98,30,30,0.01605614
195030,21642,81,20,20,0.07799567
195164,3058,100,27,27,2.79E-06
195216,6998,100,23,23,0.00019445
195243,1864,100,36,36,1.59E-06
195304,4053,85,11,11,0.00031595
195526,11102,53,17,17,0.00026225
195544,2427,99,46,46,1.68E-06
195562,1744,98,30,30,7.03E-07
195720,4720,100,30,29,0.00047515
195809,29059,100,38,38,0.01498559
196006,6683,95,56,55,1.20E-07
196015,3809,94,65,65,6.26E-08
196024,5148,91,61,61,5.34E-08
196042,6952,71,40,40,1.65E-07
196051,4804,95,71,71,9.83E-08
196060,27559,84,42,42,0.00033434
196079,37516,72,28,28,0.00082604
196088,29900,81,36,36,0.00036036
196097,37079,78,36,36,0.00078633
196103,1661,91,33,32,4.88E-05
196112,3167,96,47,47,4.52E-05
196121,9672,91,46,45,2.25E-07
196149,12942,85,44,33,2.08E-07
196158,6277,96,54,51,2.31E-07
196167,10433,82,31,31,2.95E-07
196176,14425,80,40,40,5.59E-07
196185,12592,83,38,38,2.59E-07
196194,12669,97,47,47,2.98E-07
196219,6486,83,39,38,3.52E-07
196246,9587,93,45,41,2.01E-07
196291,1323,77,22,22,1.68E-07
196413,35299,82,15,15,0.04399964
197133,8961,58,20,19,0.00051894
197151,4261,62,18,18,1.72E-05
197230,1848,100,86,50,1.30E-05
197708,1660,88,16,16,0.00258887
197869,16664,63,27,27,0.00012702
197911,4244,100,43,43,1.51E-06
197984,2134,99,32,32,2.02E-07
198109,170,93,43,43,2.77E-08
198136,5422,99,32,32,0.00058956
198215,3335,99,46,46,1.67E-06
198303,3687,100,79,79,1.20E-06
198385,5982,68,15,15,0.00021561
198419,41947,51,12,12,0.17656983
198464,19235,76,36,36,0.00016865
198507,2549,96,75,75,6.69E-08
198516,10500,66,9,9,0.00210182
198543,4858,95,74,74,7.62E-05
198561,4834,100,42,42,0.00034902
198598,1139,100,53,53,9.81E-07
198695,11298,89,12,12,0.00058375
198756,6168,93,79,79,5.06E-07
198862,6084,97,85,85,4.77E-07
198899,1838,98,64,64,7.23E-07
198950,1936,100,36,35,4.43E-06
198969,3206,99,45,45,0.00054706
199032,999,100,41,41,7.34E-07
199069,2158,98,53,53,2.18E-07
199102,15083,93,62,61,0.00041647
199111,3750,94,40,39,4.24E-07
199120,42465,53,22,22,0.00564
199139,21868,73,32,32,0.00011944
199148,9974,86,57,57,0.00014933
199157,8311,92,73,72,0.00024402
199184,1536,72,23,23,5.13E-07
199193,31130,62,18,18,0.0005995
199209,3171,99,59,59,2.71E-06
199218,13287,67,23,23,9.00E-05
199272,2133,100,45,45,2.14E-06
199281,5601,89,63,63,2.77E-08
199306,2297,99,57,57,9.81E-07
199412,3419,100,32,32,3.42E-06
199458,253,100,62,62,7.96E-08
199582,3086,99,83,82,2.72E-07
199607,833,98,47,47,2.42E-06
199698,1670,98,58,58,1.96E-06
199847,12559,40,9,9,1
199865,1195,97,46,46,4.66E-06
199962,15988,100,45,45,0.00110936
199999,4773,96,75,75,6.96E-05
200004,11128,82,39,38,8.43E-06
200059,376,92,35,35,1.37E-08
200156,1106,100,39,39,3.92E-05
200217,1376,98,24,24,2.19E-05
200226,385,93,40,38,2.32E-08
200253,798,89,27,27,1.11E-08
200280,4964,90,18,18,6.77E-05
200332,6211,87,23,23,1.55E-05
200484,54,100,50,50,3.80E-08
200572,517,98,29,28,4.34E-08
200800,14553,96,40,40,8.22E-05
201061,1339,100,59,57,1.14E-06
201104,4349,99,36,36,8.24E-05
201177,91,93,50,50,5.12E-08
201195,3922,98,39,39,2.70E-06
201371,1770,100,44,42,1.61E-06
201441,17179,94,33,32,5.08E-05
201548,4794,100,33,33,0.00081305
201645,28786,89,13,13,0.03661092
201654,3869,100,23,22,0.0004877
201690,13464,81,81,81,1.62E-07
201821,342,97,41,41,4.73E-08
201885,23609,75,21,19,0.00024744
202046,1138,99,45,44,5.14E-06
202134,10646,89,44,44,4.02E-05
202480,17462,97,15,15,0.01102206
202514,2000,100,56,56,8.65E-07
202523,8812,97,21,21,0.00016377
202763,3336,100,32,31,0.00057472
203085,1724,100,43,41,1.14E-06
203128,2834,100,55,55,2.73E-06
203368,3782,98,21,21,9.45E-06
203517,16308,96,33,32,9.44E-05
203535,6662,71,10,10,0.00033675
203757,1220,99,47,47,5.69E-05
203775,1899,100,48,46,1.11E-06
203845,2923,100,39,31,2.83E-06
204024,28920,80,15,13,0.00288801
204176,129,84,39,39,2.18E-05
204185,3145,99,36,36,0.00034931
204194,1305,100,36,35,1.26E-07
204200,1301,100,42,41,0.00024279
204264,2404,96,58,43,5.21E-07
204468,2032,100,57,57,8.94E-07
204501,7708,87,8,8,0.00028496
204617,1395,100,51,51,2.11E-06
204635,3899,99,29,29,0.00043631
204796,47703,77,17,17,0.00394853
204857,24179,93,28,27,0.00019987
204936,2861,100,31,31,0.00046756
205957,1982,100,26,26,1.06E-06
206084,10085,95,33,33,7.90E-05
206349,543,100,54,54,0.00038681
206437,2001,100,38,38,0.00029242
206491,3544,100,100,100,4.22E-07
206507,1650,100,47,47,3.36E-07
206589,6352,99,23,23,0.00011526
206604,5849,89,37,37,4.34E-05
206613,484,75,35,35,3.82E-08
206622,14758,100,16,16,0.0033305
206695,9166,98,46,46,9.89E-06
206817,393,97,68,68,5.59E-08
206835,2370,100,46,44,2.75E-07
206941,4491,88,49,47,1.76E-07
207041,1178,84,54,54,6.37E-08
207157,182,96,47,47,3.42E-08
207263,1529,89,53,53,1.50E-05
207306,1143,91,51,51,9.51E-06
207324,2206,99,28,28,4.62E-07
207388,15277,88,27,26,7.94E-05
207403,4313,100,36,36,7.38E-07
207458,1723,99,23,23,0.00037946
207500,15673,94,24,24,9.02E-05
207582,3434,98,44,44,0.00028107
207722,470,96,50,50,1.11E-07
207847,1115,90,50,50,7.81E-08
207856,340,98,55,55,4.95E-08
207865,2196,91,44,44,1.33E-05
207971,9793,98,24,24,0.00915649
208488,2272,100,39,39,0.00018918
208646,890,96,52,52,1.08E-07
208822,3010,99,23,23,0.00088186
209065,2390,99,29,28,8.22E-06
209409,474,100,42,34,6.62E-07
209506,1206,76,27,27,6.89E-07
209542,15786,85,23,23,0.00023432
209551,27209,75,28,28,0.00095839
209612,2524,100,31,30,0.00315638
209807,6861,78,51,51,7.80E-05
209825,11641,100,19,19,0.00751277
209922,5815,59,15,12,0.00048553
210146,2514,100,38,38,5.51E-07
210331,866,100,44,38,0.00035051
210492,279,100,45,45,5.06E-07
210669,5208,100,37,37,6.60E-05
210739,3272,100,26,26,0.00133655
210775,3767,100,41,41,0.00039198
211088,10216,99,43,43,0.0052026
211158,8165,88,35,35,5.06E-05
211291,9845,59,10,10,0.00041239
211361,3105,97,49,49,1.02E-05
211431,721,100,51,51,0.00024371
211440,27634,53,16,16,0.10196224
211468,1375,100,43,43,0.00145022
211644,2640,95,43,43,6.02E-06
211981,1676,100,36,36,0.00140426
212054,31824,100,26,26,0.02976539
212106,7231,100,20,20,0.00251866
212115,6747,88,51,51,9.54E-05
212133,2207,99,48,48,0.00064623
212160,2872,91,46,46,7.06E-06
212197,1893,100,20,20,2.53E-05
212601,4727,96,33,33,0.00051345
212656,2801,95,33,33,8.56E-07
212832,1030,100,40,40,0.0004204
212911,4963,52,16,16,0.00041889
212984,1403,100,44,44,0.00013618
213011,1985,100,32,32,0.00027335
213020,10289,90,45,45,2.05E-05
213349,6854,91,38,38,5.03E-05
213358,1220,89,46,46,8.42E-05
213385,8521,54,10,10,0.00027049
213400,276,99,35,35,0.00016824
213507,2649,100,29,29,0.00287685
213543,15649,65,18,18,0.09225323
213598,4429,97,71,71,5.15E-07
213613,2203,91,37,32,1.31E-07
213668,3204,100,50,50,5.84E-06
213774,934,100,82,82,4.51E-08
213783,1851,96,54,54,1.14E-07
213826,2005,100,35,35,0.00045453
213996,2640,100,25,23,0.00095036
214069,1547,100,25,25,0.00028888
214148,1277,100,42,41,2.63E-05
214175,4224,94,19,19,0.00011796
214272,3641,100,48,48,0.00022957
214777,95970,70,23,22,0.0053901
215062,44961,51,13,13,0.12184157
215114,569,96,32,32,3.94E-07
215132,3639,100,31,31,0.00023819
215266,4521,97,43,43,5.89E-07
215275,2127,96,37,37,5.34E-07
215284,2968,96,35,35,5.18E-07
215293,32091,73,13,13,0.00191015
215442,5359,100,43,43,0.00035515
215655,5956,99,33,32,0.00050329
215691,784,100,45,40,4.15E-07
215743,1748,99,24,24,0.00065329
215770,8692,98,15,15,0.00845885
215798,2025,100,30,30,0.00055677
215929,9545,99,23,22,0.00585697
216010,6019,89,38,38,2.71E-05
216038,5781,87,36,36,1.33E-05
216287,11442,57,22,22,0.0004532
216357,1827,100,56,54,4.27E-07
216366,4317,99,36,36,0.00343752
216524,3530,99,25,25,8.29E-05
216597,22909,62,12,10,0.13154923
216694,1589,100,41,40,7.06E-05
216764,15077,79,25,25,0.00010283
216807,2459,100,40,40,3.34E-06
216852,6245,100,20,20,0.00550141
216931,3756,99,37,37,0.00082248
217013,806,100,38,35,2.05E-07
217059,6011,100,33,33,4.56E-05
217156,38674,46,15,14,0.19860902
217402,11478,74,17,17,0.00011295
217420,4753,87,57,57,2.60E-05
217484,22113,95,26,26,0.00087148
217493,3832,45,18,18,0.00014439
217633,2277,100,24,24,0.00013425
217688,5398,99,40,40,1.21E-06
217776,1042,99,52,51,0.00011066
217819,11783,82,24,23,2.12E-08
217864,2742,85,23,22,7.14E-09
217873,9081,97,80,80,1.61E-06
217882,29070,91,16,16,0.00367594
217907,1332,99,60,50,1.13E-06
217925,336,100,48,48,7.68E-05
217961,1163,99,53,45,1.56E-07
217998,1074,100,43,31,0.00038482
218061,4252,99,60,60,9.80E-05
218070,5258,94,12,12,0.00012514
218229,5774,100,51,51,2.81E-07
218238,2569,99,56,56,1.23E-06
218414,1968,99,56,56,6.20E-07
218441,1934,99,40,38,0.00013115
218539,2141,100,36,36,0.00083158
218645,2775,97,49,49,2.66E-07
218654,2167,93,43,43,2.45E-07
218663,31268,95,18,18,0.00190351
218672,2017,95,50,50,9.41E-08
218681,1442,93,66,66,9.53E-08
218690,1658,95,51,51,8.52E-08
218706,1494,99,72,72,4.55E-08
218724,15061,99,37,37,0.00032758
218733,2631,97,77,77,0.00032954
218742,4395,98,61,60,4.82E-07
218821,1653,99,62,62,9.36E-08
218964,6101,99,47,46,2.63E-06
218973,3786,98,18,18,2.43E-05
219000,2224,100,20,20,2.43E-06
219046,2129,89,38,36,3.12E-08
219082,978,93,32,32,9.77E-06
219091,916,100,36,36,3.65E-07
219198,479,99,37,36,6.61E-05
219259,1409,94,39,36,2.89E-08
219295,367,100,44,44,1.47E-07
219347,1504,89,21,20,2.12E-05
219356,5861,87,25,24,1.20E-05
219383,1929,99,35,35,1.34E-07
219471,4434,92,29,28,9.48E-06
219602,7416,97,60,60,0.00013542
219639,413,97,47,47,2.30E-05
219709,7965,92,17,17,0.00108464
219718,1541,99,62,62,1.04E-07
219806,3862,100,54,54,0.00018844
219833,3284,100,42,42,3.99E-06
219949,2833,100,42,42,2.71E-07
219976,3481,97,22,22,0.00056262
220075,7704,94,44,44,0.00022347
220181,3034,94,94,94,2.53E-06
220215,944,99,42,30,0.0001009
220473,398,97,41,41,1.36E-05
220516,949,92,41,40,0.0001675
220604,368,97,92,91,2.10E-07
220613,2416,98,34,34,2.30E-07
220631,1549,94,34,34,5.32E-05
220701,674,99,57,56,2.94E-07
220710,2460,100,44,43,5.43E-06
220862,14778,96,52,52,0.00026301
220978,8973,95,49,48,0.00030653
221351,5207,96,13,13,8.07E-05
221731,877,100,44,44,3.71E-07
221740,8189,97,38,38,0.00019629
221759,21764,90,24,24,0.00069448
221768,9158,97,52,52,1.45E-07
221847,6621,98,37,37,0.00014364
221892,1662,100,41,41,0.00016044
221953,1965,100,55,55,5.26E-07
221971,2866,100,47,34,0.00114707
221999,37310,64,16,15,0.08344095
222178,11379,100,30,30,0.001669
222831,3913,93,50,50,1.92E-05
222983,4360,100,32,32,1.06E-05
223232,34582,94,18,18,0.03133085
224004,1435,100,42,42,0.0003495
224147,9839,71,44,44,2.86E-05
224226,3241,97,30,30,0.00018228
224323,4676,99,29,29,0.00213614
224527,1778,99,42,42,4.89E-07
224545,2393,88,49,48,3.50E-05
224554,9293,88,57,57,6.76E-05
225247,2189,100,43,43,0.00014812
225399,8904,100,54,54,0.0006927
225414,1402,60,35,35,4.06E-05
225432,5617,83,60,60,1.10E-07
225511,25393,85,44,44,0.00014209
225548,1896,98,33,33,4.26E-07
225575,2766,94,78,78,1.56E-07
225627,6294,99,49,49,0.00022799
226091,6249,82,48,48,4.38E-05
226152,7884,96,76,76,2.27E-05
226231,2314,100,32,32,2.20E-06
226383,782,99,38,38,2.77E-07
226471,15355,95,40,40,0.00027225
226587,2116,99,53,52,6.52E-07
226833,3808,93,54,54,3.24E-08
227216,21724,55,40,40,7.57E-05
227331,6645,100,62,62,0.0001778
227368,11118,90,67,67,4.66E-05
227429,667,99,89,89,7.16E-08
227526,6196,86,69,69,0.00054655
227757,27087,59,17,17,0.02478938
227845,5672,97,42,42,3.46E-05
227863,1101,96,52,52,0.00055154
227881,11569,82,45,45,4.92E-05
228042,1194,97,44,44,4.22E-07
228149,4861,100,43,43,0.00071626
228246,13959,81,9,9,0.04373265
228325,730,98,57,57,3.94E-05
228343,4766,100,25,25,2.22E-05
228431,10664,82,42,41,4.79E-05
228459,23583,76,42,42,0.00029006
228468,1565,99,57,57,2.93E-07
228529,10112,81,40,39,2.18E-05
228705,6371,88,60,60,4.96E-05
228723,42476,66,23,23,0.00318458
228769,12650,88,44,44,0.00014529
228778,53525,60,23,23,1
228787,14327,78,27,27,0.00264491
228802,2742,81,31,31,9.58E-05
228875,19028,82,12,12,0.02867304
228981,3001,100,39,39,1.52E-06
229018,1036,90,42,41,1.57E-08
229027,17122,78,46,46,0.00013165
229063,8554,95,80,80,0.00044525
229115,25384,73,25,25,6.19E-05
229160,3337,100,58,58,0.00026545
229179,5656,92,51,51,2.91E-05
229267,9864,99,16,16,4.71E-05
229780,635,94,54,54,3.28E-05
229814,5587,90,39,39,6.47E-06
230047,973,78,14,14,3.31E-08
230603,12248,95,28,28,5.14E-07
230728,15276,85,25,25,0.0001598
230764,24404,82,24,20,0.00039571
230807,1666,99,29,29,2.31E-06
230834,2171,98,39,39,4.32E-07
230852,3629,99,25,25,1.62E-05
230959,9754,53,17,17,0.11164511
231174,19233,95,16,16,0.01023398
231420,2713,100,47,45,2.72E-06
231554,1534,100,57,57,2.71E-07
231581,6279,100,36,36,5.04E-06
231624,14680,49,10,10,0.01064471
231651,2344,98,46,46,0.00014825
231712,7204,72,12,12,6.05E-07
232025,1646,100,43,43,0.00039079
232043,1435,99,32,30,0.00258785
232089,3770,98,61,61,4.17E-06
232186,19554,73,27,27,0.00117147
232256,3056,100,15,15,1.66E-05
232308,3244,100,33,33,1.27E-05
232423,23579,62,15,15,0.00036262
232557,42312,98,30,30,0.00025366
232566,4431,89,31,31,2.95E-07
232672,7560,99,64,64,0.00050783
232681,5939,91,22,22,8.65E-07
232706,3313,98,32,32,0.00051339
232937,7172,78,73,73,0.00032087
232982,13761,94,45,45,0.00045453
233295,2460,100,20,20,9.28E-06
233301,1177,100,42,42,5.99E-06
233374,12356,62,16,16,0.09399037
233426,5453,100,29,29,1.31E-05
233541,2322,100,28,28,0.00045323
233611,710,100,41,41,1.28E-07
233718,724,99,28,28,2.47E-07
233897,951,98,54,51,3.04E-07
233921,31974,64,16,15,0.00103463
234030,17088,80,33,33,0.00097313
234076,40839,45,14,13,0.04751614
234085,1515,86,15,15,7.12E-06
234155,7715,92,67,67,5.11E-05
234164,4182,96,78,78,0.00015459
234173,2323,100,41,41,6.29E-06
234207,6178,64,14,14,0.05090322
234827,11017,89,35,35,3.94E-07
235097,5297,96,43,43,9.73E-05
235316,9311,99,15,15,0.00603498
236133,556,98,32,32,0.00031728
236230,3679,100,35,35,0.00330073
236452,1614,98,40,40,2.81E-06
236577,4387,99,39,39,0.00328642
236595,7968,98,20,19,0.00896282
236939,21434,88,30,28,0.00011155
236948,45579,52,20,20,0.00798477
237011,10513,85,24,23,1.00E-06
237057,4823,88,11,11,0.00016141
237066,3817,99,38,38,1.52E-05
237118,3917,99,59,59,7.75E-07
237136,143,100,63,63,2.82E-08
237181,1150,100,48,47,8.79E-07
237215,470,96,64,57,2.33E-08
237312,2454,99,49,49,4.94E-05
237330,1886,98,49,49,7.66E-08
237358,1937,99,55,54,5.89E-07
237367,2712,98,48,48,3.55E-08
237525,6451,96,48,47,3.47E-05
237640,459,100,49,37,2.70E-07
237792,1370,95,39,38,1.35E-05
237899,2242,94,59,58,7.90E-08
237932,1829,92,48,48,5.83E-08
237950,1245,97,47,47,2.27E-07
237969,2287,100,39,39,0.00029587
238032,18202,93,27,27,0.00013074
238078,1912,98,47,42,0.00019922
238324,31,100,19,19,1.50E-07
238333,3657,100,36,36,8.59E-05
238430,1140,100,52,52,0.00023231
238458,4574,100,25,25,0.00032088
238476,7018,100,31,30,2.15E-05
238616,3772,100,27,27,0.00030042
238661,1397,98,35,33,0.00017709
238980,1130,100,59,59,3.71E-07
239017,3463,100,25,25,6.65E-05
239071,343,91,47,47,1.36E-05
239080,1868,100,46,46,6.61E-05
239105,15078,100,22,21,0.0080573
239318,3552,99,26,26,1.41E-05
239390,724,99,77,77,0.0001633
239628,2900,99,40,40,1.41E-05
239716,3355,100,24,24,4.76E-06
239743,614,100,81,81,2.49E-07
240107,1272,100,29,26,0.00012894
240189,6046,73,31,31,2.01E-05
240268,6283,73,26,25,3.09E-05
240277,3246,78,34,34,1.77E-05
240329,6529,70,19,19,3.80E-05
240338,751,100,30,30,1.00E-06
240365,6630,70,29,29,1.65E-05
240374,2256,77,42,42,6.59E-08
240417,3202,80,27,27,1.71E-05
240426,1166,73,33,32,5.11E-08
240444,43896,52,14,14,0.00656056
240453,11273,75,34,32,2.74E-05
240462,3410,81,26,26,9.34E-08
240471,2969,86,28,28,6.91E-08
240480,4185,82,33,33,1.92E-05
240727,5348,91,20,20,2.84E-05
243744,47498,58,18,18,1
243780,55311,60,16,16,0.00293039
245652,422,96,41,41,0.00011919
262129,1226,99,26,25,1.85E-06
366711,17349,79,50,49,6.21E-05
377555,4242,61,39,39,3.57E-06
377564,2026,81,43,43,0.00047367
392840,165,100,56,56,3.30E-07
399911,504,100,27,27,4.26E-06
407009,3376,97,55,54,0.00016292
409698,12327,79,48,48,2.93E-07
420574,3328,94,33,33,0.00026219
433660,13735,77,32,32,0.00017857
443410,997,59,28,28,3.82E-06
445188,25424,92,64,64,0.01064704
446048,1446,100,31,31,7.37E-05
448840,3396,83,35,35,1.91E-07
448886,7752,98,38,38,0.00030456
451671,703,82,39,39,1.55E-07
454184,2798,99,27,27,7.32E-06
455770,161,100,40,40,1.17E-06
456959,1121,86,32,32,5.58E-08
459949,8617,86,60,60,1.05E-07
462354,350,95,36,36,1.27E-06
482149,3373,93,43,43,0.00015984
482158,2759,91,61,61,5.10E-08
482680,10753,88,34,34,2.42E-05
482936,1261,99,30,30,4.41E-08
484473,3629,89,23,23,1.10E-06
484905,4718,95,66,66,4.62E-05
486840,15691,92,32,32,9.29E-05
486901,548,100,30,30,0.00049634
487092,17864,61,22,22,0.00032836
487524,2529,100,49,49,1.35E-05
490805,5670,77,42,42,3.62E-05
