id,fam_income,female,hs_gpa,parents_num,SAT,hh_children,grant,salary_starting,graduate
1,110750,1,2.59,1,960,2,0,73100,1
2,72800,1,3.46,1,1420,2,0,76800,1
3,53700,1,3.19,2,1210,2,1,75800,1
4,98300,1,3.52,2,860,1,0,74400,1
5,69700,1,3.61,2,1090,5,1,64200,0
6,68100,0,3.25,2,850,5,1,65700,1
7,86000,1,3.1,2,1020,5,0,49800,1
8,85700,0,2.95,2,880,2,0,53100,1
9,85900,0,3.64,1,1550,4,0,63700,1
10,89500,0,3.12,2,1400,1,0,63500,1
11,84800,1,3.18,2,1030,8,0,61800,1
12,90600,1,3.18,2,1110,5,0,53600,0
13,88300,0,2.78,1,950,2,0,53600,1
14,76700,1,3.68,1,1400,3,0,74500,0
15,57100,1,3.47,2,1230,5,1,59900,1
16,79600,1,3.34,2,1080,2,0,77100,0
17,85200,1,3.18,2,1040,5,0,68000,1
18,89700,1,2.94,2,950,3,0,66800,1
19,89000,0,3.14,1,1200,3,0,60100,1
20,75500,1,3.02,2,1100,5,0,66300,0
21,85000,1,2.6,2,1220,5,0,74800,1
22,84300,1,3.26,1,1230,2,0,58700,0
23,69100,1,3.6,1,1280,7,1,60400,0
24,87400,1,3.27,2,1240,3,0,65100,1
25,94200,1,2.36,2,1540,1,0,63400,0
26,66500,1,2.51,2,1330,4,1,68100,0
27,90800,0,2.9,1,1410,2,0,63000,1
28,78000,0,2.96,2,1190,2,0,55900,1
29,90000,1,3.79,2,900,3,0,72000,0
30,53200,0,3.98,2,1500,2,1,61800,0
31,84800,1,2.96,2,1170,8,0,64900,0
32,87600,1,3.49,1,1140,1,0,72500,0
33,85100,1,3.56,1,1460,3,0,75500,1
34,95300,1,2.99,2,1360,2,0,80000,0
35,92100,0,3.5,1,1280,2,0,65600,1
36,97800,1,3.74,1,660,1,0,60800,0
37,93400,0,3.8,2,1130,5,0,69000,1
38,82300,1,2.77,2,1200,7,0,67500,1
39,84700,1,3.19,1,980,5,0,79800,1
40,91200,0,3.48,2,1370,1,0,74600,1
41,89200,1,2.93,1,1380,2,0,60600,1
42,82100,0,3.22,2,1190,1,0,77300,1
43,90500,0,2.63,2,1400,5,0,58600,1
44,90300,1,3.61,2,1310,2,0,65400,1
45,91600,0,3.12,2,640,7,0,61200,0
46,92800,1,3.27,2,1340,4,0,71800,0
47,85400,1,2.72,2,1150,5,0,68900,0
48,85100,0,2.74,2,1330,2,0,58700,1
49,96300,0,3.27,2,1480,1,0,61300,1
50,86100,0,3.26,1,1550,2,0,65600,0
51,91600,0,2.74,1,1090,5,0,67000,1
52,90700,1,3.52,2,1090,2,0,65300,1
53,80400,1,2.8,1,1450,1,0,58400,0
54,66800,0,3.02,1,1250,1,1,71400,1
55,36900,1,3.32,2,1510,5,1,52800,1
56,88300,0,3.02,2,1420,3,0,64900,0
57,92000,0,3.74,1,1240,2,0,70200,1
58,78400,0,2.99,2,1180,2,0,69400,1
59,87200,0,3.53,2,1180,2,0,68800,1
60,77900,1,3.61,2,780,1,0,63100,0
61,91800,1,2.8,2,1230,6,0,73000,1
62,71600,0,3.24,2,1120,4,0,70900,1
63,77700,1,3.63,2,990,3,0,69000,1
64,84500,1,3.39,1,1710,2,0,70500,0
65,83300,0,3.14,2,760,3,0,56000,1
66,64900,1,2.97,2,1060,3,1,72300,1
67,80200,0,2.41,2,1120,2,0,58800,1
68,93800,0,3.44,1,1370,2,0,72100,0
69,82700,1,3.27,2,1100,7,0,56600,0
70,80600,1,2.94,1,1220,2,0,65300,0
71,80500,1,3.05,2,960,5,0,66300,1
72,105670,1,2.25,1,1420,2,0,80100,1
73,80600,0,3.21,2,1370,3,0,72200,0
74,59900,0,3.04,2,1130,2,1,80300,0
75,63700,0,2.93,2,1080,6,1,77000,0
76,67100,0,3.29,1,1200,6,1,60400,1
77,83800,0,2.63,2,1270,1,0,58900,1
78,80800,0,3.69,1,1100,2,0,67200,0
79,92300,1,3.02,1,830,8,0,61600,0
80,78700,0,3.08,1,1230,2,0,58400,0
81,73200,1,3.61,2,1000,8,0,76900,0
82,35100,0,2.82,2,1140,1,1,63200,1
83,55900,0,2.5,2,890,2,1,74700,0
84,85000,1,3.52,1,1310,3,0,72200,0
85,91800,0,2.54,1,1060,3,0,66500,1
86,56700,1,2.99,1,1200,3,1,67700,1
87,70000,0,3.99,1,1290,1,1,56800,1
88,84800,1,3.51,2,1340,1,0,75100,1
89,76700,1,3.42,2,1570,3,0,59100,0
90,85100,1,2.99,2,1090,2,0,79500,0
91,74900,0,3.18,2,1390,1,0,46800,0
92,89600,1,3.65,2,880,3,0,72000,1
93,74800,1,3.31,2,1250,3,0,61000,0
94,71200,1,3.73,1,1060,3,0,65200,0
95,78600,1,2.78,1,1080,1,0,78800,1
96,80900,0,3.58,2,1330,5,0,69700,0
97,86900,0,2.93,1,1380,1,0,66400,1
98,91600,1,3.58,1,1130,3,0,54800,1
99,59900,0,3.84,2,1530,6,1,79000,0
100,77400,0,3.06,2,1130,5,0,69000,0
101,60400,0,3.11,2,740,1,1,72600,0
102,92700,0,3.13,2,960,2,0,66800,1
103,74800,0,2.82,1,1300,4,0,62500,1
104,64300,0,3.07,2,1040,5,1,73900,0
105,78200,1,3.5,1,1030,4,0,62800,1
106,80800,0,2.26,2,1040,1,0,66500,0
107,88400,0,3.14,1,1000,1,0,63100,1
108,62400,1,3.54,2,910,2,1,66600,0
109,76400,1,3.44,2,1060,4,0,63600,1
110,86700,0,2.95,2,1080,3,0,75800,0
111,94600,0,2.79,1,1070,4,0,61600,1
112,86800,1,3.07,2,890,5,0,66600,1
113,73800,1,2.78,1,940,2,0,54100,1
114,55600,0,2.96,0,1330,4,1,75900,1
115,73200,0,3.86,2,1320,4,0,73900,1
116,92100,0,3.16,1,980,1,0,44800,1
117,64400,0,2.74,2,980,1,1,71600,1
118,102500,1,2.54,2,1030,3,0,75700,1
119,83300,0,3.51,2,950,3,0,57600,1
120,82600,0,3.57,2,1190,3,0,63400,0
121,97000,1,2.93,2,1210,2,0,75600,1
122,58100,0,2.46,1,1150,3,1,69600,0
123,86600,1,3.31,1,1080,3,0,72100,0
124,82900,0,3.23,1,1450,1,0,67200,1
125,65100,1,2.93,1,1090,6,1,57400,1
126,79500,1,3.45,2,1110,5,0,79700,1
127,67900,1,2.74,1,990,1,1,68700,0
128,70300,0,4.18,1,1080,7,0,61200,1
129,72800,0,3.69,2,1250,2,0,62600,1
130,68100,0,3.25,1,1150,2,1,61900,1
131,71400,0,2.79,2,1410,3,0,70800,1
132,83500,1,3.19,2,1220,4,0,55300,0
133,76100,0,3.07,2,1120,2,0,65100,0
134,75700,0,3.16,1,1170,7,0,62500,1
135,81500,0,3.18,2,790,1,0,57600,1
136,115000,1,3.6,2,1110,3,0,71100,0
137,89300,1,2.97,2,1310,1,0,51500,0
138,83700,1,3.35,2,870,4,0,67800,0
139,89100,1,4.32,2,990,1,0,64100,1
140,81800,1,3.67,1,1200,3,0,69600,0
141,84000,1,2.43,2,890,2,0,69400,0
142,80700,0,2.39,2,1060,2,0,52000,0
143,70200,1,2.9,2,1140,2,0,57700,1
144,65400,1,3.01,2,1050,2,1,58800,1
145,35900,1,3.82,2,1240,4,1,47500,0
146,78900,0,3.79,1,1290,1,0,63200,1
147,82700,1,2.64,1,1200,3,0,63100,1
148,77000,1,2.87,2,1280,2,0,72400,1
149,82900,1,3.58,1,1350,1,0,56800,0
150,96400,0,2.88,2,1130,7,0,71800,1
151,44100,0,3.31,2,1120,2,1,68300,0
152,89000,0,3.26,1,1220,1,0,63600,1
153,91700,0,3.88,2,1290,3,0,53300,1
154,73600,1,3.09,1,980,4,0,61700,1
155,78300,1,3.62,2,1130,2,0,62100,0
156,99100,1,4.15,2,1230,7,0,70800,1
157,79400,0,2.56,2,1310,3,0,66700,1
158,70000,1,3.02,1,1010,4,1,66400,1
159,58300,1,2.72,1,980,4,1,77400,0
160,51300,0,3.08,1,1190,7,1,75800,1
161,85200,0,3.01,2,1090,2,0,75300,1
162,63500,1,2.28,2,1050,2,1,59600,0
163,80900,0,2.99,2,1590,5,0,60400,1
164,85600,0,3.19,1,1140,2,0,68300,0
165,99300,1,3.13,2,1230,2,0,71200,0
166,88500,1,3.03,2,1110,7,0,63500,0
167,68500,0,2.99,1,1290,4,1,78100,0
168,68200,0,2.94,1,1060,5,1,78000,1
169,65500,1,3.42,1,1480,8,1,76600,1
170,90300,1,3.66,2,1010,1,0,67900,1
171,74900,1,3.48,1,1010,7,0,61200,0
172,97500,0,3.69,2,1190,3,0,66700,1
173,12000,0,3.74,2,1180,1,1,50200,0
174,63700,1,2.96,1,1420,4,1,62100,0
175,74500,1,3.34,2,1070,5,0,63000,0
176,63600,0,3.12,1,1130,1,1,65400,1
177,72100,1,3.84,2,1050,3,0,74400,1
178,62200,1,2.93,2,1200,6,1,54200,1
179,52900,1,3.13,1,1160,3,1,69900,0
180,77200,0,2.25,2,1270,8,0,61000,1
181,91600,0,3.91,2,1070,2,0,59600,1
182,69900,0,3.55,1,1200,3,1,71600,0
183,83800,0,3.63,2,1510,2,0,67600,0
184,26300,0,3.24,2,1100,2,1,67000,0
185,95200,1,3.29,2,1200,7,0,80400,1
186,84000,1,3.02,2,1260,6,0,65900,0
187,69900,1,2.66,2,1040,1,1,63600,1
188,80200,0,3.01,1,1310,5,0,52400,0
189,86400,0,2.65,1,1340,2,0,67300,0
190,82500,1,3.14,2,1050,1,0,61500,0
191,65300,1,3.35,2,1120,1,1,66400,1
192,64600,1,3.18,2,1270,5,1,61100,0
193,72600,0,2.99,1,980,1,0,75500,1
194,87000,1,3.45,1,1270,2,0,56200,1
195,64200,1,3.58,1,1420,1,1,71600,0
196,87300,1,3.02,2,1120,4,0,71600,0
197,74500,1,3.81,1,1340,4,0,68000,1
198,82800,1,2.94,2,1150,2,0,55700,1
199,82100,0,3.03,2,1030,1,0,78600,0
200,90000,0,3.62,2,1300,3,0,71100,1
201,75800,0,3.6,1,920,2,0,61300,1
202,72000,0,3.18,1,1340,1,0,75600,1
203,91300,0,3.13,2,1330,1,0,57700,1
204,81800,1,3.23,1,1080,2,0,60200,0
205,77300,1,2.7,2,1220,1,0,66600,0
206,66100,1,3.26,2,1140,1,1,76300,1
207,76800,1,3.46,2,1060,6,0,72000,1
208,70000,1,3.71,2,1260,2,1,67300,1
209,91500,0,3.32,1,1330,5,0,61800,1
210,63400,1,3.3,2,1210,6,1,60600,1
211,63200,1,3.32,1,1230,2,1,58400,0
212,73300,0,2.7,2,1080,1,0,74200,1
213,45700,0,2.93,2,900,3,1,76600,0
214,70200,1,2.67,1,1470,5,0,52400,1
215,73000,1,2.79,2,1290,5,0,67400,1
216,73000,0,3.3,1,850,6,0,70600,1
217,69500,0,2.92,1,1280,8,1,71000,0
218,54300,0,3.53,0,1020,2,1,76100,1
219,69200,0,3,2,1350,7,1,57600,1
220,64500,0,3.02,1,1400,1,1,56600,1
221,91800,0,2.81,1,1280,2,0,66400,0
222,83400,1,2.62,2,970,1,0,70800,0
223,92500,1,3.49,2,1220,5,0,60100,1
224,73100,1,2.69,1,1410,4,0,69400,0
225,70200,1,2.7,2,1030,8,0,62000,1
226,32600,1,2.83,2,1270,1,1,63600,1
227,83100,1,3.95,1,1160,1,0,67300,1
228,75000,0,2.94,2,1160,1,0,71300,1
229,96100,1,3.77,1,1130,3,0,56800,1
230,71600,1,2.46,0,920,3,0,74600,1
231,87100,0,2.55,1,1170,1,0,76200,0
232,81500,0,2.74,1,970,2,0,67400,1
233,70600,0,4,2,1010,1,0,71900,1
234,64400,0,4.13,2,1260,1,1,59600,0
235,82500,0,3.21,2,1000,7,0,64000,1
236,64300,1,2.89,2,1400,2,1,64700,0
237,86900,1,3.8,2,990,2,0,70000,1
238,61000,1,2.92,2,1220,1,1,66200,0
239,77900,0,2.98,2,1170,6,0,66900,0
240,72000,0,2.33,1,1200,5,0,69300,1
241,68800,0,3.35,2,1050,1,1,65700,0
242,87500,1,3.24,2,1220,2,0,79800,0
243,60800,0,2.29,1,1210,5,1,72600,1
244,88700,0,2.99,2,1250,3,0,65200,1
245,71900,0,2.48,2,900,7,0,67500,1
246,89100,1,2.78,2,1050,3,0,55200,1
247,81600,0,3.4,2,1290,2,0,66100,1
248,94900,1,3.2,1,1050,3,0,54400,1
249,75600,1,3.77,1,1310,3,0,74300,0
250,56400,1,3,2,1150,4,1,78700,0
251,74600,0,2.87,1,990,1,0,54300,1
252,96100,0,2.6,1,1440,2,0,55200,1
253,86600,1,3.32,2,1260,1,0,67400,1
254,92100,0,2.91,1,680,2,0,62400,1
255,83300,1,3.09,2,1300,2,0,71800,0
256,71300,0,3.56,2,1200,1,0,56300,1
257,72000,1,2.78,1,1130,3,0,78600,1
258,86100,1,3.36,2,940,1,0,62300,0
259,90200,1,3.33,2,1260,4,0,73000,1
260,80600,1,3.24,1,1170,2,0,59400,1
261,19800,0,2.71,2,1220,4,1,55100,0
262,77400,1,2.73,2,1430,3,0,53200,1
263,86900,1,3.91,1,1370,4,0,78400,1
264,85200,0,2.69,2,1070,3,0,74700,1
265,84400,0,3.37,2,1420,1,0,73400,1
266,62100,0,2.73,2,1160,6,1,66000,1
267,42300,0,2.64,2,1500,6,1,55000,0
268,69400,1,3.37,1,1170,7,1,56200,1
269,84100,0,2.96,2,1080,2,0,64400,0
270,78400,1,3.4,2,1280,3,0,57200,0
271,85000,0,3.36,2,1100,2,0,82500,1
272,80200,1,3.1,2,940,2,0,59000,0
273,85900,1,3.18,1,1200,2,0,49200,0
274,86900,1,3.61,1,1230,1,0,70200,0
275,75300,0,3.66,1,1090,5,0,77700,1
276,77400,1,3.11,2,1170,2,0,71200,1
277,85200,1,2.83,2,1070,3,0,73800,1
278,95100,1,3.53,2,1120,1,0,58900,1
279,77300,0,3.33,2,940,4,0,64200,0
280,87700,1,3.15,1,1300,1,0,57500,1
281,53700,0,3.41,2,1310,2,1,62400,0
282,90100,1,2.89,1,1270,2,0,63500,0
283,22400,1,2.69,1,1110,4,1,58100,0
284,86900,0,3.01,2,1200,1,0,64000,0
285,72500,0,2.75,1,1070,6,0,73900,1
286,58700,1,3.7,1,1000,2,1,71300,0
287,85300,1,3.01,2,1120,8,0,57600,1
288,67000,1,3.24,2,1210,2,1,72700,0
289,79200,1,3.31,2,1270,5,0,64100,1
290,91800,1,4.04,1,1560,6,0,68500,1
291,82000,0,3.3,1,1260,7,0,64200,1
292,81200,0,2.66,2,1320,3,0,74500,0
293,88800,1,2.64,2,1370,3,0,64500,1
294,78700,0,2.57,2,960,1,0,66300,0
295,71700,1,2.93,2,1300,3,0,57200,1
296,57200,1,2.7,1,1130,5,1,77100,1
297,52000,0,3.33,2,1030,3,1,49700,1
298,76000,1,3.57,2,1370,3,0,72800,0
299,51400,1,3.92,2,1190,5,1,61600,0
300,88200,0,3.1,2,1020,3,0,79300,0
301,98300,1,3.86,2,1120,2,0,66500,0
302,84700,0,3.51,2,890,5,0,58800,1
303,85300,1,3.09,1,1300,2,0,53700,0
304,98200,1,3.02,2,1140,1,0,67100,1
305,66800,1,3.1,1,1170,8,1,80100,0
306,88400,1,2.84,2,1340,3,0,58300,1
307,81300,0,2.58,2,1120,2,0,61000,0
308,95100,1,3.15,2,710,3,0,71400,0
309,89400,0,3.09,2,1110,2,0,63100,0
310,79600,1,3.07,2,1100,5,0,77800,1
311,57700,0,2.92,2,980,5,1,76000,1
312,28800,0,3.55,1,1180,7,1,66600,0
313,77900,0,3.05,2,1310,1,0,54000,1
314,80200,1,2.62,2,1230,4,0,69000,1
315,85200,0,3.45,2,1310,2,0,71100,1
316,43400,1,3.07,2,1470,4,1,68100,1
317,93000,1,3.53,1,1280,1,0,59500,1
318,72200,0,2.97,1,1130,7,0,62300,1
319,78500,1,3.23,1,1180,7,0,63800,1
320,86400,0,3.45,2,1070,2,0,65900,0
321,94600,1,2.9,2,1120,4,0,66600,1
322,73600,1,3.02,2,1340,3,0,44000,0
323,78400,1,2.81,2,1260,1,0,70100,0
324,89000,1,3.56,1,1130,2,0,73600,1
325,75500,1,3.48,2,1400,2,0,73200,1
326,82100,0,3.37,1,1160,2,0,68200,1
327,87300,0,3.37,1,1350,2,0,69600,1
328,68200,0,3.27,1,1450,3,1,84500,0
329,82900,1,3.48,1,1090,1,0,67400,1
330,96400,1,3.43,1,890,7,0,67500,1
331,99000,0,3.52,1,1410,7,0,77900,1
332,86100,0,3.8,2,900,7,0,62700,1
333,60200,1,2.33,2,1230,1,1,65700,0
334,56400,1,4.06,1,1290,1,1,70300,0
335,72000,0,2.36,2,1240,5,0,67700,1
336,94600,1,3.44,2,970,5,0,64000,0
337,74100,0,3.96,2,1370,2,0,72800,1
338,38400,0,3.37,2,1330,5,1,68000,0
339,99800,1,3.37,2,1030,2,0,73900,1
340,88400,0,2.19,1,1010,3,0,61600,1
341,53100,1,3.33,2,1200,1,1,61300,1
342,67600,1,3.11,2,1130,1,1,64000,0
343,61500,1,3.22,2,1250,3,1,63700,1
344,69100,0,2.74,2,1470,1,1,65700,1
345,67300,0,2.52,1,870,1,1,79100,0
346,77500,1,3.11,2,1220,3,0,58100,0
347,89800,1,3.39,2,1110,3,0,65300,1
348,92600,1,3.12,2,1160,6,0,52900,1
349,77200,0,2.68,2,1200,1,0,71900,0
350,84100,1,2.68,2,820,2,0,59700,1
351,89600,0,3.74,2,1180,3,0,61800,0
352,70000,0,2.92,1,1250,2,1,67700,1
353,75100,1,3.15,2,1080,1,0,57200,0
354,91700,1,2.72,1,950,4,0,64600,1
355,85300,0,2.94,2,990,3,0,59900,1
356,79000,0,3.48,2,1390,2,0,75100,1
357,93900,1,2.79,2,920,2,0,61500,1
358,82200,0,3.19,1,1200,1,0,82600,1
359,87600,0,3.28,1,1240,1,0,77500,1
360,97700,0,3.26,1,1300,1,0,72900,1
361,82200,1,3.37,1,1070,1,0,77600,0
362,85500,1,3.67,2,1010,5,0,70500,0
363,86400,0,3.27,2,1250,1,0,54800,0
364,66900,1,2.97,2,1360,7,1,67100,1
365,75300,1,3.16,2,1440,2,0,66600,0
366,92600,0,3.34,2,1270,4,0,54100,1
367,70800,1,3.06,2,1110,5,0,57800,1
368,79500,0,2.77,1,1340,2,0,79500,1
369,74900,1,2.76,2,1340,7,0,70400,1
370,64600,1,3.48,2,1200,7,1,62100,0
371,75800,1,3.11,2,1200,3,0,67400,0
372,38800,0,3.47,2,1220,4,1,61600,1
373,75800,0,2.78,1,1060,4,0,61500,0
374,92800,1,3.34,1,1140,6,0,75700,1
375,92500,0,2.85,2,1370,2,0,56800,1
376,96800,1,2.72,1,1060,1,0,66500,1
377,88700,1,3.18,2,1180,1,0,57500,0
378,88000,1,3.02,2,930,2,0,71100,1
379,86400,0,3.37,2,1250,2,0,67300,0
380,63000,1,2.28,2,1380,7,1,70400,0
381,92900,0,3.33,2,1590,5,0,64500,1
382,77400,1,3.3,2,1110,7,0,52900,1
383,68500,1,3.19,2,1440,3,1,77200,1
384,80000,0,3.86,2,1400,2,0,62200,1
385,74800,0,2.85,2,1280,5,0,53000,1
386,90100,0,3.13,2,1070,3,0,62800,0
387,93000,0,4.01,2,1020,2,0,72000,1
388,73000,1,3.7,2,1140,5,0,74600,1
389,83900,1,3.52,2,1110,8,0,60400,1
390,71800,0,2.82,1,1220,1,0,72000,1
391,71100,1,3.78,2,1020,2,0,62200,1
392,45400,1,3.25,1,900,2,1,59700,0
393,83900,0,2.95,2,1270,6,0,67300,1
394,62100,0,3.26,1,1270,1,1,47900,0
395,86900,0,2.72,2,1350,1,0,76800,1
396,94400,0,3.1,2,1010,3,0,57800,1
397,92400,0,3.82,2,830,3,0,75700,1
398,80200,0,3.2,2,1220,3,0,62200,0
399,76000,0,3.36,2,1160,1,0,66700,1
400,88600,1,3.79,1,1020,2,0,72500,0
401,73700,1,2.86,2,1120,1,0,72700,1
402,63700,0,3.08,1,980,5,1,57600,1
403,93100,0,3.07,1,1110,4,0,66300,1
404,96900,1,2.55,1,1050,1,0,73000,1
405,92900,1,3.45,1,1250,3,0,70500,1
406,89500,0,2.9,2,1090,7,0,62500,1
407,82300,1,3.07,2,990,7,0,75200,1
408,58900,1,3.43,1,920,1,1,71400,0
409,72900,1,2.8,0,1070,6,0,77800,1
410,85900,0,2.81,1,1420,7,0,62000,0
411,78400,0,2.88,2,910,2,0,79600,1
412,85200,1,2.98,2,1180,3,0,76600,0
413,54400,0,3.34,1,1130,1,1,76900,0
414,53300,0,2.66,1,1050,2,1,74400,0
415,92100,1,2.94,2,1220,6,0,63900,1
416,88000,0,3.22,2,940,7,0,83700,1
417,95700,1,2.98,1,1590,5,0,77500,1
418,69900,1,3.3,1,1160,3,1,66500,0
419,73600,0,3.01,1,1400,2,0,61600,0
420,89000,0,3.68,1,1050,3,0,75900,0
421,64300,1,3.09,2,1320,2,1,68100,0
422,94100,1,3.87,2,1370,2,0,67500,1
423,91600,0,3.28,1,910,1,0,73100,1
424,78500,0,3.94,2,1320,2,0,53200,1
425,68100,1,3.29,2,1300,2,1,65500,1
426,62900,1,2.83,2,1310,1,1,70800,0
427,56400,1,3.06,1,1390,7,1,66900,0
428,92600,1,2.61,2,1140,2,0,71300,1
429,63400,1,3.2,2,1510,1,1,73300,1
430,79600,1,3.71,1,1340,3,0,80700,1
431,81600,1,3.78,2,1260,2,0,66300,1
432,94700,0,2.57,1,850,6,0,73500,1
433,68400,1,3.38,2,1040,3,1,71000,0
434,71200,1,3.6,1,890,1,0,61100,1
435,78100,1,3.35,1,1120,1,0,64500,1
436,91100,1,2.62,1,1120,4,0,72000,1
437,89000,0,2.92,2,1070,2,0,78200,1
438,78000,1,3.2,2,1270,4,0,72500,0
439,54900,0,3.76,1,1130,3,1,68800,0
440,83300,1,2.73,2,1150,4,0,54700,0
441,89300,0,2.47,2,1270,1,0,62000,1
442,68300,0,2.97,2,1410,2,1,78600,0
443,69700,0,2.93,2,1370,5,1,58400,0
444,47200,1,2.69,2,1060,4,1,66500,1
445,42400,0,4.26,1,1030,6,1,73000,1
446,80100,0,3.06,1,1100,1,0,69600,1
447,77800,1,3.83,2,1140,1,0,54700,0
448,87200,0,3.1,2,1250,4,0,64800,1
449,89100,1,3.35,1,820,1,0,51800,1
450,83100,0,3.41,1,1040,4,0,59200,1
451,73700,0,2.61,2,880,4,0,59900,0
452,78200,1,3.54,2,1400,1,0,69800,0
453,74200,1,3.8,1,1120,1,0,69000,1
454,74300,1,3.36,2,1070,4,0,65100,1
455,63300,0,2.82,1,1430,4,1,70700,0
456,82000,0,3.52,2,1320,1,0,71700,0
457,37200,1,3.5,2,1070,2,1,57400,1
458,69500,1,3.08,2,1130,7,1,60400,1
459,92300,0,3.26,2,1190,1,0,64100,1
460,82100,1,2.53,2,1250,2,0,57400,0
461,67900,1,3.72,2,1140,1,1,82900,0
462,83900,1,3.5,2,940,2,0,63200,0
463,71400,0,3.52,2,1360,3,0,72100,1
464,47300,1,3.07,1,1290,2,1,64300,0
465,86900,0,3.55,2,1200,2,0,68900,1
466,78100,1,2.57,2,1500,7,0,62000,1
467,85900,1,2.95,2,1440,3,0,62000,1
468,91700,0,3.34,2,1210,2,0,64200,1
469,96500,0,2.76,1,1040,5,0,69400,1
470,74300,1,3.65,2,700,7,0,74200,1
471,65900,0,3,2,1110,1,1,72700,0
472,65100,1,2.81,2,1300,1,1,70200,1
473,93800,1,3.35,2,1130,5,0,53800,1
474,91800,0,3.78,1,1110,1,0,78400,1
475,91900,1,4.16,1,1240,3,0,70400,1
476,87400,1,3.62,2,1020,2,0,78800,0
477,74800,1,3.37,2,1170,1,0,66800,0
478,66100,0,3.14,1,1270,2,1,63900,1
479,57200,1,2.38,1,1560,2,1,71300,1
480,65600,0,3.1,1,1000,3,1,64900,1
481,87500,1,3.82,1,890,3,0,62900,0
482,91300,1,3.2,2,990,3,0,64900,1
483,82400,1,3.75,2,1110,3,0,74300,0
484,75900,1,2.73,1,1010,3,0,71000,0
485,63100,1,3.21,2,870,3,1,53400,0
486,89100,1,3.45,2,1200,6,0,56800,1
487,72500,1,2.9,2,1190,6,0,66000,1
488,46400,0,2.91,1,1230,3,1,71600,1
489,89600,0,3,1,1170,2,0,55600,0
490,81300,0,3.21,2,1130,1,0,52100,1
491,96100,1,4.05,1,1030,6,0,73400,1
492,72600,1,2.91,0,1410,6,0,66100,1
493,86800,0,2.83,2,1200,2,0,52500,1
494,89900,0,3.69,1,640,1,0,67700,1
495,88400,0,3.04,1,1340,7,0,60000,0
496,69400,0,2.63,2,840,1,1,57900,1
497,97800,1,2.83,2,950,2,0,67800,1
498,84100,0,3.01,1,1330,2,0,64900,1
499,90700,0,2.69,2,1090,1,0,70100,1
500,90200,0,3.77,2,1120,3,0,55000,1
501,68700,1,3.59,2,1190,7,1,59200,0
502,71300,1,3.22,1,1050,8,0,57200,1
503,79500,1,3.62,1,1150,1,0,72200,1
504,67400,0,2.52,2,920,2,1,77800,0
505,86400,0,2.59,2,1080,2,0,66600,1
506,97300,1,2.32,1,1190,3,0,62400,1
507,81400,0,2.18,1,1250,2,0,69000,0
508,83300,0,3.52,1,950,7,0,67800,0
509,75000,0,3.34,1,1270,7,0,49400,1
510,69800,1,3.16,1,1200,7,1,70200,1
511,57900,0,3.18,2,1080,6,1,65200,1
512,77000,1,2.83,2,1160,4,0,71400,1
513,85200,1,2.77,2,1260,3,0,74900,1
514,82400,0,3.5,2,1520,3,0,71100,0
515,60600,0,2.48,2,1290,8,1,59700,1
516,89100,1,3.66,2,1150,3,0,44200,0
517,90200,1,3.35,1,1020,5,0,74400,1
518,72100,1,3.55,0,1480,4,0,83200,1
519,65700,1,3.35,1,1200,3,1,67600,1
520,61600,1,3.31,2,1120,1,1,48400,1
521,77600,1,3.6,1,720,5,0,55100,0
522,80700,1,3.29,2,1170,2,0,71600,0
523,53000,0,2.74,1,920,4,1,62800,1
524,108500,1,2.8,2,1340,3,0,70600,1
525,55700,1,3.29,1,900,8,1,80000,0
526,86700,0,2.86,1,1510,2,0,70900,0
527,75500,0,3.28,2,1150,5,0,54300,1
528,68600,1,2.99,2,1270,1,1,51100,1
529,75500,1,3.07,2,1310,7,0,58300,0
530,85200,1,2.74,2,1160,2,0,68700,0
531,74700,1,3.44,1,1230,3,0,69100,1
532,89000,1,3.68,2,1040,2,0,71500,1
533,87000,0,3.72,2,1460,4,0,63500,0
534,54400,0,3.49,2,1520,5,1,62000,1
535,71400,1,2.83,1,1020,4,0,56700,0
536,89600,1,3.48,1,1130,2,0,73400,1
537,77700,1,2.39,1,1390,9,0,64600,0
538,66000,1,3.31,2,1270,8,1,68900,0
539,89400,1,2.99,2,1310,3,0,71800,1
540,83500,0,3.97,1,970,2,0,66700,0
541,56100,0,3.43,1,1140,2,1,73700,1
542,84600,0,3.1,2,1070,3,0,60100,0
543,95500,0,3.17,1,1220,1,0,67200,1
544,69800,0,2.93,2,1100,4,1,65700,0
545,94000,1,3.48,1,1540,5,0,55600,0
546,94300,1,2.87,1,930,3,0,66800,1
547,76600,1,3.65,2,890,3,0,64700,1
548,76800,1,3.26,1,1360,3,0,78900,1
549,78300,1,3.77,2,910,1,0,66500,1
550,72400,1,2.79,1,1240,3,0,69800,0
551,87200,1,2.75,2,1060,2,0,72800,1
552,75700,1,3.79,1,1230,3,0,60800,1
553,85300,1,2.88,2,1210,3,0,70100,0
554,78900,1,3.57,1,1360,8,0,57800,1
555,91900,1,3.13,2,1440,2,0,73500,1
556,79600,0,3.18,2,1300,3,0,67900,0
557,76000,1,2.81,1,1210,5,0,72200,0
558,87500,1,2.95,1,1570,4,0,63800,1
559,77100,0,3.25,2,960,2,0,63900,0
560,86900,1,3.13,2,850,2,0,68100,0
561,86900,1,3.21,1,1320,4,0,72500,1
562,81000,1,3.84,2,1530,8,0,57600,0
563,68400,0,3.2,2,1390,2,1,76600,1
564,81000,1,3.25,1,1390,1,0,64300,1
565,74400,1,3.73,1,1170,5,0,55200,0
566,56800,1,2.93,1,1060,4,1,82100,0
567,82200,0,4.86,2,1160,8,0,79400,0
568,79500,0,3.38,1,1270,1,0,72400,0
569,68000,1,3.94,1,1520,8,1,60500,1
570,92800,0,3.74,2,1490,3,0,73300,1
571,67200,0,3.06,2,1380,4,1,78600,1
572,85500,0,3.71,2,1020,5,0,67700,0
573,91800,0,3.45,1,1120,2,0,77700,1
574,96100,1,3.28,1,1060,2,0,60100,1
575,87700,1,2.64,2,1100,5,0,67100,1
576,92100,1,3.43,2,1050,5,0,69700,1
577,92200,1,2.96,1,1160,3,0,50900,1
578,92400,1,3.2,1,1350,2,0,69300,1
579,67200,1,3.36,1,900,5,1,75100,0
580,89500,1,2.68,2,1440,2,0,53600,1
581,86500,1,3.16,1,950,3,0,62300,1
582,83900,1,3.11,1,1020,4,0,68000,1
583,74400,1,3.04,2,1190,2,0,64400,1
584,83100,0,4.07,2,990,1,0,59900,0
585,60500,1,3.23,1,1310,2,1,72000,0
586,82300,1,3.66,2,1200,8,0,81700,1
587,97800,1,2.91,1,1310,7,0,69100,1
588,79300,1,4.22,2,1180,3,0,65500,1
589,96500,0,3.17,1,1600,4,0,56000,1
590,57600,1,3.47,1,930,5,1,63600,1
591,88000,1,3.25,2,1290,7,0,71900,1
592,91600,0,3.8,2,960,3,0,54900,1
593,86200,0,2.56,1,1470,2,0,63200,0
594,66300,0,2.97,2,1060,4,1,66700,0
595,73200,0,3.53,2,1320,5,0,73000,0
596,90300,0,2.94,2,1260,2,0,53600,1
597,77900,1,2.7,2,1120,1,0,54200,1
598,66700,1,2.91,1,1260,2,1,72500,1
599,41300,1,2.81,2,1060,2,1,59200,0
600,75500,0,2.92,1,1200,6,0,51700,1
601,87500,1,3,1,1680,1,0,77300,1
602,82500,0,4.06,2,1180,1,0,61500,0
603,61000,0,3.65,1,1100,4,1,62700,1
604,57800,1,3.87,2,1310,6,1,69900,0
605,69200,1,3.19,2,1510,1,1,67500,0
606,81100,0,3.51,2,1360,4,0,58300,0
607,92600,1,3.27,2,1240,2,0,58500,1
608,83300,1,2.83,2,1320,1,0,62700,1
609,85700,1,3.72,2,860,3,0,68200,0
610,71800,0,2.42,2,1190,3,0,69600,0
611,64100,1,2.82,1,1390,2,1,71800,1
612,92100,1,2.98,2,860,1,0,49100,1
613,84400,1,3.49,2,700,5,0,49100,0
614,75300,0,2.42,2,1300,2,0,70900,1
615,83400,1,2.93,2,1070,4,0,63300,0
616,92400,1,3.76,1,1280,3,0,68700,1
617,99000,0,3,2,1160,2,0,76800,1
618,78200,0,3.36,2,930,2,0,70000,1
619,78300,1,3.02,2,920,3,0,50000,0
620,37000,1,2.72,2,1100,2,1,58500,0
621,97100,1,3.19,1,820,1,0,61500,1
622,87100,1,3.03,2,1520,1,0,72300,0
623,59200,1,3.42,2,1190,4,1,60000,1
624,71500,1,2.86,1,1330,4,0,68700,0
625,75700,0,2.37,1,1210,1,0,69700,1
626,86600,1,3.72,1,1120,2,0,58600,1
627,74200,1,3.11,2,1360,5,0,69600,1
628,81500,0,2.99,2,1190,5,0,71300,0
629,75800,0,3.5,1,1070,2,0,76200,1
630,86100,0,3.85,2,1120,2,0,65900,1
631,46300,0,3.2,0,1130,3,1,74800,0
632,83300,0,3.62,2,1280,3,0,67100,1
633,82500,0,2.55,2,1230,7,0,46600,0
634,83100,0,3.8,1,1360,3,0,64500,1
635,82400,0,2.82,2,1170,3,0,76400,0
636,76100,0,3.24,1,1090,3,0,74700,0
637,70700,1,3.71,1,1310,2,0,70000,1
638,64200,1,2.43,2,1330,1,1,63400,1
639,81900,0,3.38,1,1200,1,0,72100,1
640,89900,1,3.28,2,1380,1,0,56700,0
641,94100,1,3.92,1,1420,2,0,73300,0
642,77100,1,3.37,2,1520,7,0,80800,1
643,76900,0,3.21,1,1050,4,0,66500,0
644,75900,0,3.66,1,1000,2,0,69600,1
645,79400,1,3.33,1,1110,1,0,65400,0
646,76000,1,3.66,1,1430,3,0,62000,0
647,76200,0,3.48,1,1330,4,0,62900,0
648,88100,1,3.24,2,1570,8,0,79400,1
649,70400,1,3.61,2,1130,7,0,65000,1
650,91400,0,3.47,1,1070,1,0,50100,1
651,94300,1,2.46,2,1190,2,0,52700,1
652,79800,1,3.9,1,760,3,0,82000,1
653,91500,1,3.42,2,1090,3,0,54000,1
654,66400,1,3.09,2,1200,3,1,77600,0
655,80100,1,3.51,1,750,2,0,72000,1
656,88200,1,3.49,2,1150,1,0,64700,0
657,79600,1,3.72,1,970,2,0,73000,0
658,43800,0,3.24,1,910,4,1,64500,1
659,79600,1,3.24,1,800,3,0,74900,0
660,82800,0,3.52,2,900,4,0,65300,1
661,70900,0,2.59,1,1200,1,0,58500,1
662,55200,1,3.17,2,1170,2,1,55900,1
663,90900,0,2.56,2,1060,8,0,64700,1
664,80700,1,2.78,1,1000,1,0,48700,1
665,53800,0,3.59,2,1070,2,1,64500,0
666,71500,1,3.02,2,1500,5,0,59200,1
667,80800,0,2.42,2,1210,8,0,57500,1
668,93200,0,2.91,1,1090,2,0,74100,0
669,82100,1,3.51,2,990,2,0,63800,0
670,80700,0,2.62,2,1130,2,0,53200,1
671,79100,1,2.93,2,1380,7,0,67800,1
672,37900,0,3.59,2,710,2,1,58300,0
673,84600,0,2.52,2,1060,3,0,73200,1
674,95000,0,2.86,2,1170,2,0,64900,1
675,68300,0,3.39,1,1270,5,1,69300,0
676,79600,1,3.7,2,1320,1,0,74500,0
677,81000,1,2.94,2,1270,6,0,60200,0
678,65200,1,2.9,2,840,8,1,62400,1
679,99400,1,3.48,2,970,2,0,67100,1
680,85800,0,2.42,2,1020,5,0,68300,1
681,80200,0,2.99,1,1090,1,0,71900,0
682,65900,1,2.6,1,1140,2,1,66700,0
683,81900,1,2.8,2,1150,7,0,79200,0
684,90600,1,3.39,2,1390,3,0,72700,1
685,70900,1,3.07,2,1350,1,0,66100,1
686,77500,1,3.62,2,1040,7,0,59400,0
687,75900,1,2.92,2,950,7,0,65600,1
688,51600,1,3.15,2,920,4,1,52000,0
689,85600,1,3.67,2,1080,7,0,59500,0
690,92700,0,3.3,1,1290,3,0,68700,1
691,93000,1,3.11,1,1080,3,0,72500,1
692,90800,0,3.81,2,920,2,0,70600,0
693,93800,0,3.92,2,1150,2,0,61600,1
694,78600,1,3.24,2,1220,3,0,74800,1
695,79400,1,3.83,2,1580,1,0,79900,1
696,61800,1,2.94,1,1180,1,1,75200,0
697,91500,0,3.34,2,780,7,0,55100,1
698,81300,0,3.2,1,1370,2,0,64100,1
699,66700,0,3.59,2,1000,1,1,71300,1
700,83200,0,2.99,2,1100,1,0,60500,0
701,61600,0,3.69,2,1840,2,1,68600,0
702,63800,0,3.74,1,860,4,1,65400,0
703,86700,1,3.52,1,1170,6,0,63500,0
704,88300,0,3.17,2,1020,2,0,47300,1
705,80800,0,3.12,2,950,7,0,72700,1
706,77700,0,2.93,2,1200,1,0,53600,0
707,78700,1,3.23,2,1160,2,0,68500,1
708,86000,1,3.24,1,960,2,0,69400,0
709,89900,1,3.01,2,1130,2,0,79600,0
710,91800,0,3.2,2,890,5,0,63500,1
711,58300,1,3.44,1,900,2,1,62900,0
712,90500,1,2.75,2,970,3,0,63400,1
713,44200,1,3.22,2,1440,2,1,63200,0
714,80000,1,3.43,1,1240,2,0,74200,0
715,85600,0,3.03,0,1090,8,0,56300,1
716,91300,1,3.7,1,1110,4,0,65800,1
717,78100,1,3.01,2,980,1,0,72700,0
718,81400,0,4.01,2,1080,1,0,63800,1
719,75000,1,3.11,2,1350,2,0,61700,1
720,86400,0,3.89,2,1470,2,0,62600,1
721,65300,1,2.62,1,1300,1,1,75000,0
722,63300,0,3.72,2,1670,1,1,58500,1
723,53900,0,3.69,2,1060,2,1,61200,1
724,74300,0,3.42,1,1050,7,0,56200,1
725,86000,0,3.56,2,1410,2,0,62800,1
726,79000,1,2.99,1,930,3,0,73000,1
727,95300,0,3.37,1,1320,2,0,66200,1
728,75500,0,3.35,1,900,1,0,77200,1
729,84100,1,2.97,2,1020,1,0,77000,1
730,70200,0,3.81,1,1050,3,0,73900,1
731,82000,1,3.62,1,1010,1,0,76300,1
732,93700,1,3.47,1,1340,2,0,74100,1
733,77200,1,3.26,2,810,2,0,69900,1
734,93500,0,3.27,2,980,2,0,73000,0
735,58700,1,3.73,1,890,2,1,71500,1
736,96400,0,3.1,2,1260,8,0,76300,1
737,80100,1,3.14,2,1080,3,0,63500,0
738,69100,0,3.37,2,1080,1,1,67400,1
739,94700,0,3.25,1,1090,1,0,64000,1
740,89500,0,3.19,1,1450,5,0,64300,1
741,85200,0,3.26,2,1140,2,0,65100,1
742,74900,1,3.1,2,1000,7,0,64400,1
743,82900,0,3.11,1,990,1,0,67700,1
744,90900,0,2.86,1,1190,5,0,78400,1
745,70100,1,2.36,1,1290,2,0,66400,0
746,85400,0,3.1,2,1240,1,0,71900,0
747,68100,0,3,2,1280,1,1,63400,0
748,85200,0,3.18,1,1430,8,0,67800,1
749,90200,0,3.43,2,940,1,0,64900,1
750,79300,1,2.59,2,1380,1,0,62600,1
751,64800,1,2.97,0,1050,2,1,63200,0
752,73400,0,3.03,2,870,3,0,65700,1
753,78700,0,2.9,2,1210,7,0,67900,1
754,96900,1,3.05,2,1170,4,0,63500,1
755,78400,0,2.77,2,1060,7,0,62900,0
756,89300,1,2.96,1,1400,8,0,42800,1
757,81000,1,2.74,1,1160,1,0,63900,0
758,73100,0,3.98,2,1230,7,0,73500,1
759,94700,0,2.9,2,960,3,0,74200,1
760,63200,0,3.02,2,1100,1,1,65900,0
761,73400,0,2.63,2,830,2,0,59700,1
762,56400,0,4.02,1,940,4,1,72500,0
763,85600,0,3.62,2,1370,1,0,63300,0
764,85000,0,3.45,2,1350,4,0,60100,1
765,90600,0,3.34,1,1320,5,0,70400,1
766,83300,0,3.28,2,1190,8,0,64400,1
767,57500,1,3.12,2,1030,4,1,76700,0
768,57900,0,3.35,1,1270,2,1,76100,1
769,96400,1,3.48,1,670,8,0,77700,0
770,60600,0,3.87,2,1100,1,1,67500,0
771,55000,1,2.71,2,1080,2,1,57500,1
772,65600,0,2.78,2,1240,1,1,71500,0
773,89200,0,3.69,1,870,8,0,50800,1
774,54200,1,3.19,1,1270,3,1,66800,0
775,62900,1,2.58,1,1060,2,1,65000,1
776,64500,1,3.31,1,1240,1,1,63100,0
777,83500,1,3,2,1330,2,0,65100,0
778,60000,0,3.34,1,950,7,1,74000,1
779,75900,1,3.51,1,800,2,0,75600,0
780,78900,1,3.54,2,1340,2,0,64500,0
781,41800,1,3.15,2,990,4,1,59400,0
782,62300,1,2.87,2,1320,1,1,54000,1
783,84100,1,3.28,1,1200,2,0,54600,0
784,94500,0,3.83,2,1180,4,0,73600,1
785,66200,0,4.5,2,1260,2,1,73100,0
786,84400,0,2.54,2,1100,1,0,68200,1
787,58600,1,3.84,2,780,6,1,83800,1
788,68900,0,3.23,2,1150,8,1,58400,1
789,77400,1,2.76,1,1270,3,0,65000,0
790,79200,1,3.07,2,1340,5,0,68800,1
791,83300,0,3.73,1,1390,4,0,57100,0
792,74300,0,2.51,1,1360,2,0,66700,0
793,91600,0,2.84,2,1060,3,0,70400,1
794,64300,0,3.52,2,1260,3,1,69100,1
795,83700,1,3.01,1,1400,4,0,49700,0
796,88000,1,3.57,1,1120,7,0,56900,0
797,82800,1,3.06,1,930,2,0,64800,1
798,96100,1,3.16,2,1250,1,0,65300,1
799,83100,0,2.35,1,1010,1,0,60700,1
800,75900,1,2.88,1,1050,4,0,64800,1
801,85600,1,2.79,2,1150,2,0,64400,1
802,83900,0,2.77,1,1230,4,0,63000,0
803,70700,1,2.99,0,850,1,0,64000,1
804,73800,1,4.16,2,980,1,0,73500,1
805,87200,0,3.63,2,1240,1,0,72900,0
806,66700,1,2.94,2,1220,3,1,70300,0
807,74600,0,3.89,2,1150,2,0,60600,0
808,64000,1,2.78,0,970,1,1,67200,0
809,93300,0,3.08,2,1340,2,0,63400,1
810,80800,0,2.97,2,1300,7,0,58900,1
811,85500,0,3.7,1,1080,2,0,58200,1
812,90900,0,2.94,2,1330,2,0,69900,1
813,61900,0,3.36,1,1160,8,1,65900,1
814,68900,0,2.98,2,1420,1,1,67700,0
815,92600,1,3.44,2,1100,2,0,68000,1
816,93800,0,3.09,1,1120,3,0,44700,1
817,95900,0,2.94,1,930,7,0,56900,0
818,76000,0,3.62,1,1280,2,0,57800,0
819,91900,0,3.08,2,1210,2,0,56500,1
820,83500,0,3.74,2,940,3,0,65600,1
821,83100,1,3.27,2,1150,4,0,67400,1
822,71900,0,3.45,2,1150,2,0,78400,1
823,91700,0,2.53,1,1120,2,0,72000,1
824,79300,0,2.95,2,1380,7,0,71500,1
825,88000,1,3.92,1,1200,1,0,68300,1
826,74000,0,3.2,2,1460,4,0,54800,1
827,89100,1,3.31,1,1380,1,0,53400,1
828,77300,0,2.62,2,1140,4,0,59400,1
829,65900,1,2.81,1,1370,1,1,63200,1
830,90500,0,3.01,2,1450,3,0,48500,1
831,81100,0,3.75,2,540,1,0,62300,0
832,71500,0,3.32,1,1150,2,0,61100,0
833,79200,0,2.88,2,1560,2,0,72900,1
834,97000,0,3.51,2,1110,3,0,69800,1
835,62300,0,3.47,1,990,1,1,63500,1
836,77500,0,3.06,2,1220,2,0,53000,0
837,79400,1,3.44,2,1270,1,0,64500,1
838,69900,1,2.74,2,1310,1,1,66100,0
839,81200,1,3.64,1,1170,3,0,66600,0
840,90500,1,3.11,2,1070,1,0,63100,1
841,87000,1,3.61,2,1250,1,0,71700,1
842,76800,0,3.27,1,1130,5,0,76300,0
843,74500,0,2.93,1,1100,1,0,57500,0
844,90400,0,2.61,1,1310,5,0,72300,0
845,84300,0,2.98,2,1110,4,0,62500,1
846,88900,0,3.18,1,1000,3,0,62100,1
847,92700,1,4,2,1370,3,0,60500,1
848,87200,1,2.42,1,1030,1,0,69300,0
849,75200,1,3.12,1,1390,5,0,63200,1
850,72700,1,3.19,2,1350,4,0,83500,1
851,66200,0,3.16,2,1240,1,1,60900,1
852,73900,0,3.26,1,790,1,0,69000,0
853,75100,0,3.85,2,850,3,0,66500,1
854,57200,0,3.05,1,1450,5,1,71900,1
855,80400,0,2.38,1,1230,1,0,56200,0
856,73200,0,3.01,1,890,2,0,77200,1
857,89600,0,3.2,1,1260,3,0,63900,1
858,96300,1,3.51,2,810,5,0,65500,1
859,81200,0,3.68,2,1140,1,0,71300,1
860,67100,1,3.33,2,1090,1,1,68100,1
861,68600,1,2.88,2,1390,5,1,50000,0
862,62200,0,2.84,2,720,8,1,67800,1
863,84400,1,2.51,2,1200,1,0,55700,1
864,92400,0,2.95,2,780,4,0,68400,1
865,72300,1,3.15,1,1300,3,0,74000,1
866,94800,1,3.63,2,1110,2,0,65000,0
867,65200,1,3.66,1,1150,3,1,69900,0
868,63600,1,2.56,2,1190,2,1,75500,1
869,57600,1,3.32,2,1540,2,1,67000,1
870,81300,1,3.28,2,1130,1,0,65500,0
871,87200,0,3.76,2,1430,4,0,73000,1
872,69400,1,4.44,1,870,4,1,62100,1
873,39400,0,2.94,2,1190,1,1,64000,0
874,92400,1,3.01,1,940,2,0,74900,1
875,84300,0,3.01,2,1430,2,0,72300,1
876,75200,0,3.13,2,1070,1,0,54300,1
877,76700,1,3.07,2,1170,1,0,68100,0
878,84400,1,3.01,2,1230,1,0,56500,0
879,98300,0,3.13,2,850,1,0,56100,1
880,82100,1,3.03,2,1090,2,0,70900,1
881,92200,0,3.11,1,1370,4,0,68600,1
882,77200,1,3.51,2,1450,7,0,80500,0
883,89000,1,3.07,2,1050,1,0,77000,0
884,79700,0,3.38,2,900,3,0,72400,1
885,88000,0,2.86,1,950,2,0,70600,1
886,83900,1,3.91,1,1260,2,0,56100,1
887,83500,0,3.21,1,990,4,0,54900,1
888,46600,0,3.18,2,1320,6,1,67000,1
889,63200,0,2.73,1,1230,3,1,73100,1
890,81400,1,3.47,1,980,3,0,66700,1
891,92600,1,3.76,2,940,2,0,70500,1
892,54700,1,2.89,1,800,3,1,67800,1
893,94100,1,2.88,2,1460,4,0,58600,1
894,92200,1,2.7,1,1190,3,0,69000,0
895,88300,0,3.58,2,930,1,0,56100,0
896,90300,1,3.62,1,1220,5,0,60900,1
897,89700,0,2.81,2,840,1,0,58100,1
898,47800,1,3.12,1,980,1,1,64000,0
899,79500,1,2.89,1,1280,7,0,71400,1
900,87700,1,3.65,2,1100,3,0,72900,0
901,64300,0,3.55,2,1330,2,1,76400,1
902,74300,1,3.02,1,1300,1,0,62500,0
903,92500,0,3.18,1,1020,7,0,58400,1
904,85900,1,3.94,2,1260,1,0,50500,1
905,67500,1,3.08,1,1090,8,1,60500,1
906,60200,0,3.58,1,1090,4,1,79000,0
907,78000,0,3.37,2,910,2,0,62900,0
908,95900,0,3.98,1,1320,1,0,62400,1
909,87800,0,2.8,2,1170,7,0,70900,1
910,81200,0,3.47,1,810,1,0,58500,0
911,68400,1,3.37,2,1230,1,1,77000,1
912,76800,1,2.5,2,1170,7,0,77500,0
913,76800,1,3.48,2,1320,5,0,73900,1
914,70600,0,4.04,2,1220,4,0,51000,1
915,82100,0,3.66,2,1400,1,0,75100,1
916,84200,0,3.04,2,1200,4,0,68500,0
917,76100,0,2.91,2,1450,1,0,57800,1
918,88700,0,3.1,1,1170,2,0,69200,1
919,82200,0,2.84,2,1290,3,0,65000,0
920,85500,1,3.26,2,1670,5,0,57100,0
921,89400,0,2.97,1,1250,1,0,57700,0
922,57700,0,3.36,2,1220,6,1,53000,1
923,93000,0,3.01,2,1040,2,0,68300,1
924,84700,0,3.46,2,900,3,0,71700,0
925,72100,1,3.71,2,1020,6,0,75700,1
926,79500,0,3.68,2,1280,4,0,67100,0
927,73300,0,3.1,1,1410,1,0,71400,1
928,93300,0,2.91,1,1080,4,0,55300,1
929,84200,1,3.41,2,1160,2,0,51600,1
930,95800,0,3.03,2,1190,3,0,69800,1
931,89000,1,2.29,2,860,3,0,54500,1
932,51900,0,3.4,1,1120,2,1,72300,1
933,73200,1,3.32,2,940,2,0,77200,1
934,76300,0,3.25,2,1130,7,0,58900,1
935,90000,0,4.3,2,1070,4,0,73500,0
936,85800,1,2.77,0,1030,2,0,58000,1
937,90700,0,3.86,2,1220,2,0,68900,1
938,76900,1,3.07,2,1070,3,0,79800,0
939,62100,1,3.74,0,1170,5,1,64100,1
940,72300,0,2.77,0,1390,3,0,75800,1
941,86500,1,4.09,1,1170,2,0,60200,1
942,67000,0,3.22,1,990,5,1,70100,0
943,70600,0,3.27,2,1150,4,0,64700,0
944,60100,0,3.83,2,1130,2,1,67500,0
945,84300,0,2.58,2,1320,2,0,73300,0
946,92200,0,3.19,1,1080,2,0,70600,1
947,79200,1,3,1,1630,2,0,74500,0
948,72300,1,3.26,2,1220,1,0,64900,1
949,78900,1,2.74,2,1250,1,0,70500,1
950,69800,0,2.44,2,1140,2,1,73100,1
951,79100,1,3.11,2,1400,1,0,64900,1
952,81400,0,3.12,2,1350,3,0,67500,1
953,79800,0,3.33,1,1370,2,0,72100,0
954,78100,0,3.39,1,1170,2,0,70600,1
955,75800,0,3.3,2,900,3,0,63900,0
956,85900,0,3.88,2,990,1,0,57600,1
957,76400,0,3.6,1,900,2,0,74300,0
958,87500,0,3.39,2,1240,2,0,63400,0
959,91500,0,3.1,1,1180,1,0,54800,1
960,61100,1,3.37,1,1110,1,1,50100,0
961,64700,0,3.33,1,1250,1,1,62300,1
962,85900,1,2.64,2,1510,6,0,60100,0
963,48200,1,2.84,2,940,4,1,74000,1
964,80800,1,3.33,1,990,2,0,62700,0
965,82200,0,3.18,2,1100,1,0,67200,1
966,90200,0,2.51,2,1370,6,0,57300,1
967,78200,0,3.06,2,1260,2,0,57300,1
968,80000,1,3.39,2,1130,2,0,74200,1
969,76600,0,2.86,1,870,2,0,79900,1
970,69400,0,2.99,2,1410,2,1,61900,0
971,58500,0,3.12,1,950,5,1,75600,1
972,71800,0,3.23,1,700,3,0,62300,1
973,56200,0,3.9,2,1130,2,1,73000,0
974,54200,0,2.94,1,1120,2,1,65900,1
975,83300,0,2.89,2,790,2,0,59700,1
976,66700,0,2.97,2,1030,1,1,73400,1
977,91700,0,3.29,1,1000,2,0,71100,0
978,90200,0,2.34,2,750,2,0,68000,0
979,72800,0,2.87,1,900,5,0,59500,0
980,84300,1,2.91,1,1280,2,0,65300,0
981,95900,0,3.27,2,940,2,0,76000,1
982,58500,1,3.28,2,1180,2,1,77300,0
983,89000,0,3.47,2,1300,3,0,67000,1
984,70600,1,3.77,1,1160,2,0,69800,0
985,70100,0,3.42,1,1140,1,0,71800,1
986,40700,1,3.68,2,1450,3,1,70300,0
987,74300,1,2.87,2,1290,5,0,62000,0
988,64500,0,3.94,2,1330,8,1,62700,1
989,83900,1,3.66,1,1240,4,0,65400,1
990,95500,1,3.01,1,1190,5,0,75000,0
991,75300,1,2.06,1,1150,2,0,60900,0
992,93900,0,3.48,2,880,2,0,58100,1
993,78800,1,3.31,1,1320,7,0,69100,0
994,76100,1,2.79,2,1210,2,0,54500,1
995,83100,1,4.06,1,1520,2,0,59800,0
996,43700,1,2.51,2,1340,8,1,58200,0
997,39200,1,2.87,2,1210,1,1,62100,0
998,90300,1,2.98,2,1080,1,0,58800,1
999,62200,0,3.98,1,1250,5,1,73100,0
1000,83500,1,3.23,2,1230,2,0,71600,1
